step,system_total_running,system_total_backlogged,system_total_stopped,system_total_arrived,system_total_departed,system_total_teleported,system_total_waiting_time,system_mean_waiting_time,system_mean_speed,TL_stopped,TL_accumulated_waiting_time,TL_average_speed,agents_total_stopped,agents_total_accumulated_waiting_time
0.0,0,0,0,0,0,0,0.0,0.0,0.0,0,0.0,1.0,0,0.0
5.0,0,0,0,0,0,0,0.0,0.0,0.0,0,0.0,1.0,0,0.0
10.0,0,0,0,0,0,0,0.0,0.0,0.0,0,0.0,1.0,0,0.0
15.0,2,0,0,0,2,0,0.0,0.0,11.4908562352648,0,0.0,0.7956246330131538,0,0.0
20.0,2,0,0,0,2,0,0.0,0.0,14.300389058948031,0,0.0,0.9881780773060842,0,0.0
25.0,2,0,0,0,2,0,0.0,0.0,14.336805232329937,0,0.0,0.9904661470980276,0,0.0
30.0,3,0,0,0,3,0,0.0,0.0,13.382706854139883,0,0.0,0.9028217051271898,0,0.0
35.0,4,0,0,0,4,0,0.0,0.0,13.893079598868354,0,0.0,0.9604705939624092,0,0.0
40.0,5,0,0,0,5,0,0.0,0.0,13.896548744021413,0,0.0,0.9871472012939853,0,0.0
45.0,6,0,0,0,6,0,0.0,0.0,13.474118893159291,0,0.0,0.9682962488597903,0,0.0
50.0,6,0,0,0,6,0,0.0,0.0,13.618938393256817,0,0.0,0.9791521376167068,0,0.0
55.0,8,0,0,0,8,0,0.0,0.0,13.046701069081927,0,0.0,0.927026810262007,0,0.0
60.0,10,0,0,0,10,0,0.0,0.0,13.393383992693742,0,0.0,0.9535816948996076,0,0.0
65.0,12,0,0,0,12,0,0.0,0.0,13.304401638383624,0,0.0,0.9597038133529415,0,0.0
70.0,12,0,1,0,12,0,2.0,0.16666666666666666,12.742456112686854,1,2.0,0.893724804731794,1,2.0
75.0,14,0,0,0,14,0,0.0,0.0,12.888878567936903,0,6.0,0.9085368745256441,0,6.0
80.0,14,0,0,0,14,0,0.0,0.0,13.186572206112883,0,0.0,0.9844332865042726,0,0.0
85.0,16,0,0,0,16,0,0.0,0.0,13.065650500013195,0,0.0,0.9497704962354173,0,0.0
90.0,16,0,0,0,16,0,0.0,0.0,13.671991794918547,0,0.0,0.9827326335735389,0,0.0
95.0,20,0,1,0,20,0,1.0,0.05,12.537249590885832,1,1.0,0.8900382395875015,1,1.0
100.0,24,0,1,0,24,0,6.0,0.25,12.602320708807463,1,6.0,0.8811403442633692,1,6.0
105.0,27,0,0,0,27,0,0.0,0.0,11.93121014320044,0,11.0,0.81833082413125,0,11.0
110.0,29,0,0,0,29,0,0.0,0.0,12.101931032512294,0,0.0,0.9057456599474705,0,0.0
115.0,29,0,2,0,29,0,4.0,0.13793103448275862,11.882381901482223,2,4.0,0.8849372251365848,2,4.0
120.0,29,0,2,1,30,0,14.0,0.4827586206896552,11.822945549607878,2,14.0,0.8632574968522968,2,14.0
125.0,33,0,2,1,34,0,17.0,0.5151515151515151,12.143786878422537,2,27.0,0.8445642909323966,2,27.0
130.0,33,0,2,2,35,0,27.0,0.8181818181818182,12.229042574208279,2,27.0,0.8565697775292698,2,27.0
135.0,36,0,2,2,38,0,26.0,0.7222222222222222,12.391906721152425,2,39.0,0.8667740873647838,2,39.0
140.0,38,0,2,3,41,0,36.0,0.9473684210526315,12.521749095478926,2,36.0,0.8877124044073961,2,36.0
145.0,40,0,3,3,43,0,47.0,1.175,12.16590070235625,3,47.0,0.8381686906058448,3,47.0
150.0,44,0,5,3,47,0,70.0,1.5909090909090908,11.473301602038429,5,70.0,0.7690811146066121,5,70.0
155.0,45,0,7,3,48,0,102.0,2.2666666666666666,11.460421122332498,7,102.0,0.745386086673844,7,102.0
160.0,51,1,6,3,54,0,111.0,2.176470588235294,10.960095805716204,6,139.0,0.7144541644297109,6,139.0
165.0,54,0,7,4,58,0,144.0,2.6666666666666665,10.991844761524844,7,144.0,0.7547398363458292,7,144.0
170.0,56,0,6,5,61,0,164.0,2.9285714285714284,11.258192918195245,6,182.0,0.7620940970848398,6,182.0
175.0,58,0,5,8,66,0,184.0,3.1724137931034484,11.518388365434847,5,184.0,0.8112132287534134,5,184.0
180.0,63,0,4,9,72,0,130.0,2.0634920634920637,11.768287980928203,4,210.0,0.802007903473198,4,210.0
185.0,65,0,6,10,75,0,158.0,2.4307692307692306,12.049770868281284,6,158.0,0.8369039102820977,6,158.0
190.0,71,0,6,11,82,0,182.0,2.563380281690141,11.466557675658484,6,193.0,0.7780080266872298,6,193.0
195.0,75,0,8,12,87,0,218.0,2.9066666666666667,11.498688694980329,8,218.0,0.8021475235218831,8,218.0
200.0,78,0,5,12,90,0,195.0,2.5,11.469683643065768,5,260.0,0.7851182216640651,5,260.0
205.0,76,0,6,15,91,0,211.0,2.776315789473684,11.412176016393692,6,211.0,0.8421004719210494,6,211.0
210.0,79,0,7,15,94,0,245.0,3.1012658227848102,11.814563887438068,7,245.0,0.8393316541990975,7,245.0
215.0,83,2,8,17,100,0,281.0,3.3855421686746987,11.716786725028971,8,281.0,0.8104199509520789,8,281.0
220.0,90,0,11,19,109,0,328.0,3.6444444444444444,11.149084836888942,11,328.0,0.7430915288115938,11,328.0
225.0,92,0,15,21,113,0,291.0,3.1630434782608696,10.637868089118157,15,403.0,0.7019339661927125,15,403.0
230.0,97,0,18,22,119,0,198.0,2.0412371134020617,10.263292203912744,18,291.0,0.6873750644982888,18,291.0
235.0,102,1,19,23,125,0,290.0,2.843137254901961,10.121816982972009,19,314.0,0.6771602789450818,19,314.0
240.0,106,0,18,26,132,0,274.0,2.5849056603773586,9.849549258487764,18,422.0,0.6553668320850784,18,422.0
245.0,109,0,9,26,135,0,177.0,1.6238532110091743,9.836623591876561,9,296.0,0.7007262895611398,9,296.0
250.0,112,1,11,29,141,0,71.0,0.6339285714285714,9.546045328353545,11,352.0,0.6412657232807769,11,352.0
255.0,113,0,22,31,144,0,124.0,1.0973451327433628,9.776182572102437,22,249.0,0.6747592416277094,22,249.0
260.0,118,0,20,33,151,0,176.0,1.4915254237288136,10.090853744756762,20,363.0,0.6696292115038802,20,363.0
265.0,119,0,5,37,156,0,87.0,0.7310924369747899,10.439782948254988,5,231.0,0.7423319799595076,5,231.0
270.0,118,0,8,42,160,0,122.0,1.0338983050847457,10.598427889342313,8,196.0,0.7489877909535284,8,196.0
275.0,125,0,10,43,168,0,171.0,1.368,11.128944816631666,10,200.0,0.7897797225676789,10,200.0
280.0,129,0,11,43,172,0,160.0,1.2403100775193798,11.136525141212083,11,260.0,0.7206699041098104,11,260.0
285.0,138,0,12,43,181,0,199.0,1.4420289855072463,11.247595848015917,12,230.0,0.7601769486479367,12,230.0
290.0,143,0,21,45,188,0,233.0,1.6293706293706294,11.00110967350556,21,316.0,0.7158600616114356,21,316.0
295.0,148,0,21,45,193,0,289.0,1.9527027027027026,10.899985828369593,21,314.0,0.6985496845885264,21,314.0
300.0,151,0,20,47,198,0,346.0,2.2913907284768213,10.87026466642153,20,408.0,0.6928300994071318,20,408.0
305.0,152,0,23,51,203,0,440.0,2.8947368421052633,10.57858214004368,23,458.0,0.6894121629711149,23,458.0
310.0,150,0,26,57,207,0,408.0,2.72,9.9897917833124,26,589.0,0.613746396979866,26,589.0
315.0,151,0,12,60,211,0,288.0,1.9072847682119205,10.296917410735357,12,395.0,0.6844978169030307,12,395.0
320.0,149,0,13,67,216,0,351.0,2.3557046979865772,10.600245635930792,13,392.0,0.7188790473034012,13,392.0
325.0,151,0,22,70,221,0,384.0,2.543046357615894,10.263270148316188,22,475.0,0.6383628277839746,22,475.0
330.0,144,0,24,81,225,0,475.0,3.298611111111111,10.302525435232598,24,508.0,0.6592850804031923,24,508.0
335.0,147,0,22,88,235,0,528.0,3.5918367346938775,10.168381633040417,22,632.0,0.6506544029844713,22,632.0
340.0,152,0,13,92,244,0,486.0,3.1973684210526314,10.236949729248456,13,573.0,0.6949948867525397,13,573.0
345.0,155,0,21,97,252,0,574.0,3.703225806451613,10.283777134976186,21,598.0,0.7023769323199023,21,598.0
350.0,158,0,23,100,258,0,688.0,4.3544303797468356,10.584764593042944,23,706.0,0.7044262786041514,23,706.0
355.0,164,0,19,102,266,0,712.0,4.341463414634147,10.782688783167629,19,820.0,0.6793632423618235,19,820.0
360.0,169,0,12,104,273,0,669.0,3.9585798816568047,10.916650543862453,12,746.0,0.731799012212028,12,746.0
365.0,175,1,17,107,282,0,720.0,4.114285714285714,10.752150564765829,17,821.0,0.7013287768752405,17,821.0
370.0,174,0,24,113,287,0,819.0,4.706896551724138,10.87245926183868,24,901.0,0.7174994426638036,24,901.0
375.0,175,0,25,117,292,0,940.0,5.371428571428571,11.00906778603412,25,1017.0,0.7176917883465077,25,1017.0
380.0,172,0,27,125,297,0,1070.0,6.22093023255814,10.9112520740546,27,1147.0,0.7008387989714286,27,1147.0
385.0,174,0,31,130,304,0,1217.0,6.994252873563219,10.749571732339493,31,1294.0,0.6782781349338302,31,1294.0
390.0,179,0,35,132,311,0,1382.0,7.720670391061453,10.501242445029456,35,1459.0,0.6264071919367115,35,1459.0
395.0,183,1,36,137,320,0,1381.0,7.546448087431694,10.31192718484937,36,1641.0,0.6266549447922317,36,1641.0
400.0,185,0,31,142,327,0,1219.0,6.589189189189189,10.25601150034909,31,1507.0,0.6486243510979148,31,1507.0
405.0,182,0,36,152,334,0,1177.0,6.467032967032967,9.421496074304086,36,1688.0,0.5844665106618185,36,1688.0
410.0,177,0,28,161,338,0,796.0,4.497175141242938,9.114181805710738,28,1395.0,0.5971522849753258,28,1395.0
415.0,176,0,38,167,343,0,600.0,3.409090909090909,8.740238184284285,38,1562.0,0.5524820467149852,38,1562.0
420.0,178,0,49,173,351,0,458.0,2.5730337078651684,8.291850161535887,49,1164.0,0.5125524472634838,49,1164.0
425.0,184,1,56,178,362,0,669.0,3.635869565217391,8.101834241636872,56,1441.0,0.49379490576026874,56,1441.0
430.0,186,0,46,183,369,0,770.0,4.139784946236559,8.278871455782406,46,1275.0,0.5374699839890671,46,1275.0
435.0,193,1,47,189,382,0,799.0,4.139896373056994,8.226030833475257,47,1507.0,0.533456760028772,47,1507.0
440.0,201,1,35,194,395,0,469.0,2.3333333333333335,8.486911725825838,35,1340.0,0.5774249129090374,35,1340.0
445.0,209,2,40,197,406,0,612.0,2.9282296650717705,9.032986501197612,40,1393.0,0.6152548808577333,40,1393.0
450.0,218,1,53,201,419,0,803.0,3.68348623853211,8.867862011231777,53,1636.0,0.5765841400224079,53,1636.0
455.0,229,0,64,201,430,0,1034.0,4.5152838427947595,8.934979319277604,64,1763.0,0.5731936469329034,64,1763.0
460.0,237,0,69,201,438,0,1219.0,5.143459915611814,8.78006349823639,69,2049.0,0.5556911009969037,69,2049.0
465.0,242,0,50,203,445,0,994.0,4.107438016528926,8.90474699285131,50,1909.0,0.5827776109772649,50,1909.0
470.0,245,1,45,208,453,0,937.0,3.8244897959183675,8.970415119387036,45,2119.0,0.5855029276403224,45,2119.0
475.0,259,1,38,209,468,0,769.0,2.969111969111969,8.889571895640215,38,1976.0,0.57904740944261,38,1976.0
480.0,271,1,55,213,484,0,996.0,3.6752767527675276,9.02726783204095,55,1998.0,0.5848922672377064,55,1998.0
485.0,278,0,63,219,497,0,1298.0,4.669064748201439,9.30817216447297,63,2126.0,0.6053349004267926,63,2126.0
490.0,282,0,66,221,503,0,1627.0,5.7695035460992905,9.603489966951575,66,2433.0,0.5956702512360633,66,2433.0
495.0,285,1,76,227,512,0,1799.0,6.312280701754386,9.150121389687254,76,2622.0,0.5482546877360316,76,2622.0
500.0,284,0,87,234,518,0,1542.0,5.429577464788732,8.384601254635827,87,2610.0,0.488175244799202,87,2610.0
505.0,286,0,93,241,527,0,1784.0,6.2377622377622375,7.926147293230013,93,3068.0,0.45598826728116787,93,3068.0
510.0,294,0,77,246,540,0,1243.0,4.227891156462585,8.069812621820612,77,2812.0,0.48730565606726095,77,2812.0
515.0,298,2,69,250,548,0,1018.0,3.4161073825503356,8.167045761284104,69,3167.0,0.4872247542174601,69,3167.0
520.0,306,0,81,252,558,0,921.0,3.0098039215686274,7.897254257260143,81,3365.0,0.45854922580119994,81,3365.0
525.0,307,0,95,258,565,0,1208.0,3.9348534201954397,7.266519905171547,95,3810.0,0.40655707013164033,95,3810.0
530.0,319,1,89,259,578,0,1414.0,4.432601880877743,7.11325827726307,89,3634.0,0.40336598453871364,89,3634.0
535.0,319,0,87,268,587,0,1738.0,5.448275862068965,7.243975847710145,87,3738.0,0.41886592902395586,87,3738.0
540.0,316,0,90,279,595,0,2113.0,6.686708860759493,7.419087434514124,90,3683.0,0.4330253521095573,90,3683.0
545.0,315,0,99,291,606,0,2494.0,7.917460317460318,7.21231905871745,99,4162.0,0.4129957217667193,99,4162.0
550.0,316,1,112,301,617,0,2884.0,9.126582278481013,6.794383997347036,112,4502.0,0.3911374493464523,112,4502.0
555.0,323,0,132,306,629,0,3449.0,10.678018575851393,6.501681909614807,132,5087.0,0.3765709675583735,132,5087.0
560.0,324,0,124,311,635,0,3829.0,11.817901234567902,6.34820145577124,124,5326.0,0.3728891015424867,124,5326.0
565.0,333,1,127,313,646,0,4351.0,13.066066066066066,6.500431331650153,127,5736.0,0.3783110002431372,127,5736.0
570.0,344,0,123,318,662,0,4879.0,14.18313953488372,7.0257777138507915,123,6113.0,0.4143887894580905,123,6113.0
575.0,352,0,127,323,675,0,5291.0,15.03125,6.911303791903862,127,6659.0,0.39175950233926027,127,6659.0
580.0,363,0,136,323,686,0,5344.0,14.721763085399449,6.778742090068841,136,6699.0,0.3780376775322693,136,6699.0
585.0,366,0,149,327,693,0,5980.0,16.338797814207652,6.540086720983662,149,7162.0,0.3619863268628179,149,7162.0
590.0,370,1,166,332,702,0,6696.0,18.0972972972973,6.22168712332386,166,7951.0,0.3434490818267271,166,7951.0
595.0,374,0,160,338,712,0,7171.0,19.17379679144385,6.154830383875002,160,8461.0,0.34580193038170914,160,8461.0
600.0,371,0,163,350,721,0,7852.0,21.164420485175203,6.12305523123705,163,9055.0,0.353357222102058,163,9055.0
605.0,373,1,157,357,730,0,8504.0,22.798927613941018,6.282908357676686,157,9624.0,0.35366817137694745,157,9624.0
610.0,377,0,155,362,739,0,9186.0,24.36604774535809,6.5925393229158855,155,10227.0,0.3566258357687573,155,10227.0
615.0,391,3,158,363,754,0,9261.0,23.685421994884912,6.558002625676531,158,10998.0,0.341649217406153,158,10998.0
620.0,397,0,150,369,766,0,6675.0,16.81360201511335,6.435821630267568,150,10455.0,0.3467890918940778,150,10455.0
625.0,398,0,146,377,775,0,5126.0,12.879396984924623,6.403160606406679,146,10272.0,0.34695276313385054,146,10272.0
630.0,398,0,137,386,784,0,3819.0,9.595477386934673,6.475484332777158,137,9650.0,0.3470789628945145,137,9650.0
635.0,403,1,133,394,797,0,3137.0,7.784119106699752,6.842595483813843,133,8834.0,0.3636180263813912,133,8834.0
640.0,414,1,119,397,811,0,2841.0,6.86231884057971,7.430171979036404,119,8089.0,0.39432220241148697,119,8089.0
645.0,421,1,108,399,820,0,2987.0,7.095011876484561,7.8883044621137435,108,7595.0,0.416927473670941,108,7595.0
650.0,425,0,106,402,827,0,3450.0,8.117647058823529,8.287459416442728,106,7064.0,0.4381665764979292,106,7064.0
655.0,427,1,111,407,834,0,3995.0,9.355971896955504,8.712100216337978,111,6733.0,0.46545193255196904,111,6733.0
660.0,429,0,114,415,844,0,4559.0,10.627039627039627,9.010850032532067,114,6592.0,0.4911380000918776,114,6592.0
665.0,423,0,118,429,852,0,5139.0,12.148936170212766,9.008220130458099,118,6627.0,0.4857268066589085,118,6627.0
670.0,428,1,126,437,865,0,5517.0,12.89018691588785,8.34129774363522,126,7205.0,0.4203473325768225,126,7205.0
675.0,429,0,149,444,873,0,5307.0,12.37062937062937,7.480469163243632,149,7304.0,0.3413457045352303,149,7304.0
680.0,431,0,171,452,883,0,5755.0,13.352668213457077,7.233961634981134,171,8115.0,0.32652190687594795,171,8115.0
685.0,431,0,185,463,894,0,5878.0,13.638051044083527,6.789582158838804,185,8491.0,0.303773103099376,185,8491.0
690.0,431,0,196,477,908,0,6284.0,14.580046403712297,6.422870889123451,196,9458.0,0.2939620960409039,196,9458.0
695.0,427,0,179,491,918,0,6580.0,15.40983606557377,6.285817239261594,179,9910.0,0.30316443463956283,179,9910.0
700.0,420,1,168,507,927,0,7090.0,16.88095238095238,6.30433688895945,168,10553.0,0.31724537597686914,168,10553.0
705.0,422,0,169,521,943,0,7858.0,18.620853080568722,6.568113980850509,169,11104.0,0.3473335659762007,169,11104.0
710.0,419,0,173,534,953,0,8715.0,20.799522673031028,6.776756809448391,173,11672.0,0.35807051597275213,173,11672.0
715.0,417,1,177,548,965,0,9595.0,23.00959232613909,6.922776995596855,177,12377.0,0.3682283085619062,177,12377.0
720.0,415,0,180,561,976,0,10491.0,25.279518072289157,7.028912454813005,180,13199.0,0.37442088624245085,180,13199.0
725.0,417,2,187,574,991,0,11413.0,27.369304556354916,6.961952336683676,187,14103.0,0.3689727159719519,187,14103.0
730.0,416,0,191,584,1000,0,11675.0,28.064903846153847,6.606705228432879,191,15056.0,0.3409662035300921,191,15056.0
735.0,423,0,176,588,1011,0,9547.0,22.569739952718678,6.607670227488956,176,14466.0,0.34632787465585607,176,14466.0
740.0,433,1,165,589,1022,0,7747.0,17.89145496535797,6.623338228643075,165,15309.0,0.34462031150440375,165,15309.0
745.0,443,1,161,592,1035,0,5578.0,12.591422121896162,6.604662877504412,161,15438.0,0.3430238368796276,161,15438.0
750.0,454,0,157,593,1047,0,3979.0,8.76431718061674,6.6168985430679275,157,16052.0,0.3403308164864776,157,16052.0
755.0,460,2,156,598,1058,0,2571.0,5.589130434782609,6.322927418542422,156,16444.0,0.3219930859083737,156,16444.0
760.0,460,1,164,610,1070,0,2234.0,4.856521739130435,5.974080315305869,164,16757.0,0.308634773357027,164,16757.0
765.0,463,0,178,622,1085,0,2602.0,5.619870410367171,5.745737278907328,178,17083.0,0.30858294126771924,178,17083.0
770.0,461,1,197,639,1100,0,3232.0,7.010845986984815,5.318438788825361,197,18035.0,0.2955858613100383,197,18035.0
775.0,465,1,204,652,1117,0,3520.0,7.56989247311828,5.123416261218423,204,18630.0,0.29948665312269424,204,18630.0
780.0,465,0,220,663,1128,0,4294.0,9.234408602150538,4.911490148871593,220,19493.0,0.29042787844571094,220,19493.0
785.0,467,0,236,676,1143,0,5371.0,11.501070663811563,5.108005519596767,236,20407.0,0.30671883546308415,236,20407.0
790.0,479,1,248,678,1157,0,6296.0,13.144050104384133,5.1338354946043,248,21601.0,0.2974518205530333,248,21601.0
795.0,485,1,245,684,1169,0,6116.0,12.610309278350515,5.00459679017006,245,20823.0,0.2934929080454035,245,20823.0
800.0,497,1,238,689,1186,0,6156.0,12.386317907444669,5.158319894982035,238,21072.0,0.3065377795567861,238,21072.0
805.0,514,2,239,690,1204,0,6195.0,12.052529182879377,5.442534260994709,239,20023.0,0.3149632268211047,239,20023.0
810.0,526,3,230,693,1219,0,6243.0,11.868821292775666,5.845346217812385,230,19116.0,0.3311829671263201,230,19116.0
815.0,539,1,216,696,1235,0,6212.0,11.52504638218924,6.284360399014665,216,18327.0,0.35065534973612217,216,18327.0
820.0,552,0,197,697,1249,0,5956.0,10.789855072463768,6.557631584756249,197,17221.0,0.3541823484678614,197,17221.0
825.0,562,0,188,699,1261,0,5946.0,10.580071174377224,6.859897588742241,188,16237.0,0.36619290890627126,188,16237.0
830.0,572,1,183,702,1274,0,6196.0,10.832167832167832,7.156240768347564,183,15455.0,0.3806436707545933,183,15455.0
835.0,581,2,179,711,1292,0,6700.0,11.53184165232358,7.324459073855824,179,14893.0,0.3900367281887374,179,14893.0
840.0,586,1,180,721,1307,0,7189.0,12.2679180887372,6.9806458284184725,180,15656.0,0.3658704813196255,180,15656.0
845.0,592,1,194,730,1322,0,7147.0,12.072635135135135,6.643519912040189,194,15740.0,0.34453388718630157,194,15740.0
850.0,596,2,208,737,1333,0,7437.0,12.478187919463087,6.37006687716299,208,16313.0,0.3285309839093805,208,16313.0
855.0,598,0,224,746,1344,0,7789.0,13.025083612040135,6.054637542698265,224,17217.0,0.3098873090397976,224,17217.0
860.0,603,0,219,756,1359,0,8134.0,13.489220563847429,5.793479527657359,219,17105.0,0.2993292020796629,219,17105.0
865.0,609,1,224,767,1376,0,8881.0,14.582922824302134,5.713115082719014,224,17633.0,0.2966807475148771,224,17633.0
870.0,606,0,235,783,1389,0,9778.0,16.135313531353134,5.643798254023488,235,17760.0,0.29633252891978584,235,17760.0
875.0,604,1,242,799,1403,0,10748.0,17.794701986754966,5.618386169508218,242,18217.0,0.2908938017760833,242,18217.0
880.0,596,1,253,819,1415,0,11813.0,19.82046979865772,5.547619419166285,253,18706.0,0.2873163098227612,253,18706.0
885.0,597,0,264,831,1428,0,12951.0,21.693467336683415,5.497294383945477,264,19357.0,0.2788130006879229,264,19357.0
890.0,596,1,267,845,1441,0,14128.0,23.70469798657718,5.538095034910695,267,20113.0,0.2787534272421151,267,20113.0
895.0,600,0,269,852,1452,0,14691.0,24.485,5.358559910027901,269,21285.0,0.26961335068907333,269,21285.0
900.0,612,0,260,855,1467,0,12833.0,20.968954248366014,5.259117594355735,260,21270.0,0.2641040526884377,260,21270.0
905.0,620,0,257,859,1479,0,11848.0,19.10967741935484,5.325528186308616,257,21664.0,0.2698706303291461,257,21664.0
910.0,622,0,251,865,1487,0,10812.0,17.382636655948552,5.47263366864469,251,21724.0,0.27221737839707383,251,21724.0
915.0,636,2,254,869,1505,0,10061.0,15.819182389937106,5.644014414516477,254,21386.0,0.27527775059178516,254,21386.0
920.0,645,0,257,872,1517,0,10041.0,15.567441860465117,5.780501772505701,257,21514.0,0.27609137807566086,257,21514.0
925.0,652,1,258,881,1533,0,10148.0,15.56441717791411,5.90396846064181,258,21406.0,0.2782190489403479,258,21406.0
930.0,649,3,263,897,1546,0,10772.0,16.597842835130972,5.957794391016505,263,21572.0,0.28557212225658013,263,21572.0
935.0,652,3,263,909,1561,0,11708.0,17.957055214723926,5.981934718649951,263,21736.0,0.2861489610095671,263,21736.0
940.0,652,2,274,922,1574,0,12993.0,19.927914110429448,6.093895860006581,274,22032.0,0.2902618286726856,274,22032.0
945.0,642,0,287,939,1581,0,14398.0,22.426791277258566,6.0973540781010485,287,22642.0,0.2888961891956896,287,22642.0
950.0,644,0,300,949,1593,0,15872.0,24.645962732919255,6.144103781046615,300,23324.0,0.28660434677957825,300,23324.0
955.0,650,1,312,954,1604,0,17197.0,26.456923076923076,6.054386219335561,312,24790.0,0.28011552172516946,312,24790.0
960.0,654,0,320,962,1616,0,17887.0,27.350152905198776,5.737229066615194,320,25333.0,0.26150002808336154,320,25333.0
965.0,660,0,336,972,1632,0,18666.0,28.28181818181818,5.411678892524663,336,26501.0,0.24414309459306582,336,26501.0
970.0,663,0,356,985,1648,0,19730.0,29.75867269984917,4.989003893353993,356,27174.0,0.22250317338345726,356,27174.0
975.0,662,0,380,998,1660,0,20711.0,31.285498489425983,4.590549882781789,380,28289.0,0.19557641276179863,380,28289.0
980.0,664,1,405,1009,1673,0,22006.0,33.14156626506024,4.358828103057218,405,29440.0,0.18482808511810955,405,29440.0
985.0,653,0,413,1031,1684,0,23517.0,36.013782542113326,4.251573836457291,413,30638.0,0.19304486002267343,413,30638.0
990.0,658,2,418,1044,1702,0,25305.0,38.45744680851064,4.088105011029806,418,32783.0,0.19559218127720823,418,32783.0
995.0,664,0,405,1054,1718,0,26394.0,39.75,4.093587490677254,405,34036.0,0.20698264314819373,405,34036.0
1000.0,657,0,395,1073,1730,0,27647.0,42.080669710806696,4.04269715102809,395,35556.0,0.21550490950658116,395,35556.0
1005.0,659,1,390,1088,1747,0,28783.0,43.676783004552355,4.004402749753453,390,36722.0,0.21384252530953546,390,36722.0
1010.0,660,0,389,1100,1760,0,30050.0,45.53030303030303,4.070160286457459,389,37870.0,0.21209118839648158,389,37870.0
1015.0,668,2,387,1106,1774,0,30877.0,46.22305389221557,4.050994957337631,387,39774.0,0.20871628700035158,387,39774.0
1020.0,683,2,381,1108,1791,0,29092.0,42.59443631039532,4.090878570153709,381,40034.0,0.21309631965017364,381,40034.0
1025.0,693,0,382,1112,1805,0,28060.0,40.49062049062049,4.092264443529124,382,40897.0,0.2126330175324722,382,40897.0
1030.0,693,0,390,1119,1812,0,27111.0,39.121212121212125,4.045295270200802,390,40846.0,0.20378772225316305,390,40846.0
1035.0,696,0,393,1122,1818,0,26212.0,37.660919540229884,4.024798756407688,393,40920.0,0.18520123277906336,393,40920.0
1040.0,701,0,373,1128,1829,0,24074.0,34.342368045649074,4.19778819445667,373,40392.0,0.18831645199880404,373,40392.0
1045.0,713,0,371,1130,1843,0,22344.0,31.338008415147264,4.247341011595145,371,42180.0,0.18786501297867142,371,42180.0
1050.0,719,1,388,1132,1851,0,18978.0,26.394993045897078,4.0163698892201545,388,42583.0,0.16744943435635593,388,42583.0
1055.0,730,1,391,1137,1867,0,16583.0,22.716438356164385,3.958117275399932,391,43449.0,0.16844345472500818,391,43449.0
1060.0,739,0,391,1147,1886,0,14598.0,19.753721244925575,3.950818426310576,391,44194.0,0.17959940034870758,391,44194.0
1065.0,736,2,402,1164,1900,0,13216.0,17.956521739130434,3.7492803289334065,402,44647.0,0.17497170752242558,402,44647.0
1070.0,738,1,410,1173,1911,0,13224.0,17.91869918699187,3.661453758712318,410,45345.0,0.17273129377749322,410,45345.0
1075.0,733,0,420,1183,1916,0,13702.0,18.69304229195089,3.61413704742594,420,45760.0,0.17466817307969013,420,45760.0
1080.0,741,1,426,1185,1926,0,14452.0,19.503373819163293,3.556745984906603,426,46838.0,0.16761548775311183,426,46838.0
1085.0,742,2,431,1196,1938,0,15995.0,21.556603773584907,3.470688654866308,431,47783.0,0.1678954052845498,431,47783.0
1090.0,751,1,447,1202,1953,0,17569.0,23.394141145139812,3.324397565849549,447,49980.0,0.16267537998244969,447,49980.0
1095.0,742,0,452,1222,1964,0,17546.0,23.646900269541778,2.9727374747846937,452,50819.0,0.15474110672616764,452,50819.0
1100.0,741,0,454,1231,1972,0,17546.0,23.67881241565452,2.788365492284734,454,52905.0,0.14515275286855378,454,52905.0
1105.0,745,0,448,1239,1984,0,16455.0,22.08724832214765,2.6967606867370173,448,53349.0,0.13899575809280168,448,53349.0
1110.0,753,2,444,1243,1996,0,15704.0,20.855245683930942,2.6412641498256013,444,53562.0,0.1300209266018368,444,53562.0
1115.0,765,2,419,1246,2011,0,14175.0,18.529411764705884,2.9114963771819444,419,53588.0,0.14101163817009413,419,53588.0
1120.0,769,0,409,1252,2021,0,13412.0,17.4408322496749,3.120735869305857,409,53192.0,0.14499652582186556,409,53192.0
1125.0,769,0,419,1261,2030,0,13025.0,16.937581274382314,3.2497362544160766,419,52698.0,0.1462111245455115,419,52698.0
1130.0,782,3,375,1265,2047,0,12248.0,15.662404092071611,3.584623504682132,375,51761.0,0.1633922119943718,375,51761.0
1135.0,794,0,384,1267,2061,0,12937.0,16.29345088161209,3.6132445927552657,384,53386.0,0.1648113052316338,384,53386.0
1140.0,796,0,397,1273,2069,0,13618.0,17.108040201005025,3.498106424717064,397,54686.0,0.160738836267329,397,54686.0
1145.0,803,0,413,1277,2080,0,14554.0,18.12453300124533,3.37947448198298,413,56161.0,0.1551746179841896,413,56161.0
1150.0,808,1,428,1278,2086,0,15367.0,19.018564356435643,3.276557659790813,428,57689.0,0.14406737509167927,428,57689.0
1155.0,819,2,449,1282,2101,0,16610.0,20.28083028083028,3.323006673900864,449,58954.0,0.14545146460370648,449,58954.0
1160.0,829,0,467,1287,2116,0,18056.0,21.78045838359469,3.2438709059266215,467,61334.0,0.14335628475057105,467,61334.0
1165.0,833,0,464,1294,2127,0,19137.0,22.97358943577431,3.113188614383116,464,61357.0,0.13875559646469413,464,61357.0
1170.0,837,0,461,1300,2137,0,20273.0,24.221027479091994,3.0363183081745007,461,62525.0,0.13446357298672298,461,62525.0
1175.0,831,0,473,1316,2147,0,21732.0,26.15162454873646,3.043085666358297,473,62274.0,0.13697675862226644,473,62274.0
1180.0,825,0,465,1332,2157,0,23326.0,28.273939393939393,3.0922037426358093,465,61969.0,0.13760872357563392,465,61969.0
1185.0,825,0,463,1346,2171,0,25179.0,30.52,3.2323179349858324,463,62233.0,0.14418107733771676,463,62233.0
1190.0,823,0,455,1360,2183,0,26973.0,32.773997569866346,3.3837506169397735,455,62364.0,0.15341089036499667,455,62364.0
1195.0,833,1,456,1365,2198,0,28763.0,34.529411764705884,3.644380440129413,456,62799.0,0.16277319375025334,456,62799.0
1200.0,841,0,438,1367,2208,0,30265.0,35.98692033293698,3.89699462710241,438,63224.0,0.16996365120642073,438,63224.0
1205.0,846,0,447,1372,2218,0,32117.0,37.963356973995275,4.123512811390311,447,63408.0,0.17988207608823434,447,63408.0
1210.0,845,0,450,1379,2224,0,34100.0,40.35502958579882,4.277204005949746,450,63765.0,0.18577106172527427,450,63765.0
1215.0,855,1,455,1381,2236,0,36057.0,42.1719298245614,4.318233647426392,455,64448.0,0.17804501141513765,455,64448.0
1220.0,864,0,447,1381,2245,0,38048.0,44.03703703703704,4.333910222021707,447,65285.0,0.16856429530201514,447,65285.0
1225.0,875,0,450,1387,2262,0,39306.0,44.921142857142854,4.316771621326979,450,67120.0,0.17047320458511653,450,67120.0
1230.0,873,0,429,1397,2270,0,37680.0,43.16151202749141,4.200144142707643,429,66130.0,0.16906706979333658,429,66130.0
1235.0,873,2,421,1407,2280,0,36748.0,42.09392898052692,4.2438060175664445,421,66369.0,0.17785541600894472,421,66369.0
1240.0,874,1,410,1423,2297,0,35743.0,40.89588100686499,4.42370850669574,410,65211.0,0.19646476742394525,410,65211.0
1245.0,873,1,408,1435,2308,0,34613.0,39.64833906071019,4.523343173457623,408,64072.0,0.1988452187769701,408,64072.0
1250.0,862,0,396,1455,2317,0,32702.0,37.93735498839907,4.532975253038373,396,62784.0,0.2004098232845503,396,62784.0
1255.0,866,2,385,1468,2334,0,31191.0,36.017321016166285,4.685417045515765,385,61551.0,0.20949449590913857,385,61551.0
1260.0,863,1,377,1481,2344,0,29449.0,34.12398609501738,4.709496424267096,377,60102.0,0.2068521603088164,377,60102.0
1265.0,853,0,388,1500,2353,0,28381.0,33.27198124267292,4.700055416284464,388,59051.0,0.20602697647694537,388,59051.0
1270.0,854,0,393,1512,2366,0,26810.0,31.39344262295082,4.577752199793148,393,58019.0,0.19061402111979459,393,58019.0
1275.0,852,1,397,1527,2379,0,25980.0,30.492957746478872,4.5499956862362625,397,57474.0,0.1909664484012986,397,57474.0
1280.0,850,0,393,1543,2393,0,26188.0,30.80941176470588,4.658008584348023,393,56667.0,0.20121299281774763,393,56667.0
1285.0,855,0,399,1548,2403,0,27217.0,31.832748538011696,4.768147026552578,399,56487.0,0.2007843221054894,399,56487.0
1290.0,851,1,401,1559,2410,0,28717.0,33.74500587544066,4.7773325267707225,401,55734.0,0.19832686465176072,401,55734.0
1295.0,848,1,407,1570,2418,0,30450.0,35.908018867924525,4.875939577974925,407,55336.0,0.1993015017288121,407,55336.0
1300.0,850,0,418,1581,2431,0,31954.0,37.59294117647059,4.822481218016967,418,56896.0,0.20128361358852387,418,56896.0
1305.0,843,0,409,1597,2440,0,31700.0,37.60379596678529,4.7186382326219265,409,57026.0,0.20557524273749314,409,57026.0
1310.0,840,0,407,1614,2454,0,30680.0,36.523809523809526,4.580150861569171,407,58971.0,0.20968839058450475,407,58971.0
1315.0,839,2,410,1625,2464,0,27257.0,32.48748510131109,4.449522240700425,410,59083.0,0.20517252133369632,410,59083.0
1320.0,840,2,420,1639,2479,0,24762.0,29.478571428571428,4.182153053071106,420,59809.0,0.19207526418917345,420,59809.0
1325.0,843,1,443,1652,2495,0,22626.0,26.839857651245552,3.8167884892971395,443,60217.0,0.17134091941445537,443,60217.0
1330.0,834,1,460,1670,2504,0,20882.0,25.038369304556355,3.5023345079104273,460,60682.0,0.15717777716291575,460,60682.0
1335.0,833,2,474,1683,2516,0,19723.0,23.67707082833133,3.2934165836208193,474,60913.0,0.1472424152389221,474,60913.0
1340.0,824,0,497,1698,2522,0,17740.0,21.52912621359223,3.0293676358516555,497,61441.0,0.13482051250925708,497,61441.0
1345.0,823,0,506,1713,2536,0,17683.0,21.48602673147023,2.899226148392315,506,62171.0,0.13423337228377855,506,62171.0
1350.0,815,0,521,1727,2542,0,17939.0,22.011042944785277,2.59573802511396,521,64400.0,0.12121467109403065,521,64400.0
1355.0,815,0,519,1742,2557,0,17842.0,21.8920245398773,2.40290292757199,519,64803.0,0.12028612170840865,519,64803.0
1360.0,813,0,522,1748,2561,0,18455.0,22.699876998769987,2.334420853940731,522,66465.0,0.11462626612560953,522,66465.0
1365.0,818,1,512,1756,2574,0,19012.0,23.242053789731052,2.4302018667349774,512,66930.0,0.11579106268813265,512,66930.0
1370.0,820,0,514,1758,2578,0,20062.0,24.465853658536584,2.5867130706399633,514,67732.0,0.11255261977684511,514,67732.0
1375.0,825,0,521,1761,2586,0,21318.0,25.84,2.762974945170591,521,68361.0,0.11402134793833116,521,68361.0
1380.0,827,0,515,1768,2595,0,22579.0,27.30229746070133,2.902268710523249,515,68797.0,0.11367566401844587,515,68797.0
1385.0,831,0,503,1773,2604,0,23473.0,28.246690734055356,2.8819620865872007,503,71310.0,0.11289527999565978,503,71310.0
1390.0,835,0,503,1778,2613,0,22984.0,27.525748502994013,2.8119536482109666,503,71210.0,0.11012734165087962,503,71210.0
1395.0,834,0,506,1782,2616,0,23050.0,27.637889688249402,2.769813927782398,506,72549.0,0.10472076883957337,506,72549.0
1400.0,836,0,492,1790,2626,0,22717.0,27.173444976076556,2.8542803379067196,492,72636.0,0.10690247264364909,492,72636.0
1405.0,847,0,487,1791,2638,0,22641.0,26.73081463990555,3.172189169007767,487,72139.0,0.11744657955175365,487,72139.0
1410.0,854,0,437,1794,2648,0,20959.0,24.54215456674473,3.616673181961109,437,70179.0,0.14271955784157053,437,70179.0
1415.0,862,2,429,1796,2658,0,21146.0,24.531322505800464,3.9784821463559394,429,69300.0,0.15815910357657853,429,69300.0
1420.0,865,0,421,1804,2669,0,21141.0,24.440462427745665,4.203198996267105,421,68744.0,0.16897878606308642,421,68744.0
1425.0,858,2,408,1820,2678,0,21225.0,24.737762237762237,4.1609277984748605,408,68293.0,0.16421121038640285,408,68293.0
1430.0,856,0,424,1834,2690,0,21317.0,24.90303738317757,3.958075150363556,424,70085.0,0.15746992233011337,424,70085.0
1435.0,844,0,437,1852,2696,0,20090.0,23.803317535545023,3.5919094013584782,437,70514.0,0.14423360148366748,437,70514.0
1440.0,840,0,461,1861,2701,0,19090.0,22.726190476190474,3.338695457375528,461,72003.0,0.13053899075461747,461,72003.0
1445.0,841,0,463,1869,2710,0,18384.0,21.859690844233057,3.1647167988724436,463,73867.0,0.12308591459090934,463,73867.0
1450.0,844,1,438,1876,2720,0,17262.0,20.45260663507109,3.0366210261309488,438,74028.0,0.11855714764898904,438,74028.0
1455.0,844,1,412,1886,2730,0,17499.0,20.73341232227488,3.086531325108784,412,74882.0,0.12788469665562338,412,74882.0
1460.0,841,1,414,1896,2737,0,17971.0,21.36860879904875,3.137156044399204,414,74820.0,0.13125499738922033,414,74820.0
1465.0,839,1,408,1908,2747,0,19203.0,22.887961859356377,3.2487672535740204,408,74280.0,0.1351156589472482,408,74280.0
1470.0,844,2,410,1914,2758,0,20825.0,24.674170616113745,3.5935973259500487,410,73753.0,0.15075338902685093,410,73753.0
1475.0,840,0,403,1932,2772,0,22571.0,26.870238095238093,3.8120759059000746,403,73662.0,0.1671325941543978,403,73662.0
1480.0,837,1,381,1947,2784,0,24080.0,28.76941457586619,3.994362923523634,381,73582.0,0.18213208707148645,381,73582.0
1485.0,834,1,383,1962,2796,0,25809.0,30.946043165467625,4.1656118404494356,383,73729.0,0.19422166487641748,383,73729.0
1490.0,835,0,377,1971,2806,0,27661.0,33.126946107784434,4.4576641968482225,377,73743.0,0.20967667103170076,377,73743.0
1495.0,842,1,384,1976,2818,0,28884.0,34.304038004750595,4.3852809211449415,384,75549.0,0.20617067169428735,384,75549.0
1500.0,848,0,376,1980,2828,0,27494.0,32.42216981132076,4.247065234263703,376,74519.0,0.19772172100925445,376,74519.0
1505.0,857,1,385,1981,2838,0,26690.0,31.143523920653443,4.21930526488962,385,74923.0,0.19037916391064283,385,74923.0
1510.0,858,0,402,1987,2845,0,26098.0,30.41724941724942,4.007726116865514,402,73677.0,0.16557623383719214,402,73677.0
1515.0,857,0,412,1998,2855,0,25457.0,29.70478413068845,4.04960996149278,412,73071.0,0.1635607432031604,412,73071.0
1520.0,849,0,408,2015,2864,0,24517.0,28.877502944640753,4.090148658280063,408,72151.0,0.16825653065861054,408,72151.0
1525.0,848,0,419,2027,2875,0,24234.0,28.577830188679247,4.249251978924268,419,71213.0,0.17759615863010536,419,71213.0
1530.0,849,0,428,2035,2884,0,23777.0,28.005889281507656,4.412155470706445,428,70751.0,0.18238090820100886,428,70751.0
1535.0,845,0,428,2048,2893,0,22850.0,27.041420118343197,4.251207442345653,428,72316.0,0.17468258488873808,428,72316.0
1540.0,834,1,431,2066,2900,0,21223.0,25.44724220623501,3.9533643212728014,431,72331.0,0.16468376235973728,431,72331.0
1545.0,827,0,430,2085,2912,0,20243.0,24.477629987908102,3.6814993514000967,430,73334.0,0.16092856319731938,430,73334.0
1550.0,829,2,425,2094,2923,0,19723.0,23.791314837153198,3.5538756678494003,425,72767.0,0.1568432620903375,425,72767.0
1555.0,832,0,434,2100,2932,0,19483.0,23.417067307692307,3.488282801261045,434,72369.0,0.15061764268821806,434,72369.0
1560.0,833,0,453,2105,2938,0,20193.0,24.24129651860744,3.347587442330983,453,72785.0,0.1373764561141599,453,72785.0
1565.0,830,1,483,2116,2946,0,19626.0,23.64578313253012,3.1395461262671054,483,74341.0,0.12925070220428486,483,74341.0
1570.0,830,0,488,2126,2956,0,19396.0,23.368674698795182,3.0080431905209184,488,74420.0,0.12655595240964285,488,74420.0
1575.0,818,0,504,2144,2962,0,20916.0,25.56968215158924,2.8134486654212463,504,76036.0,0.12166574136222562,504,76036.0
1580.0,807,0,516,2159,2966,0,22820.0,28.277571251548945,2.5926816271017614,516,76697.0,0.10596659821210182,516,76697.0
1585.0,802,0,528,2173,2975,0,24780.0,30.897755610972567,2.570989205068042,528,77070.0,0.10013736453730061,528,77070.0
1590.0,799,0,528,2184,2983,0,26851.0,33.60575719649562,2.763909462435349,528,77239.0,0.10644465462718129,528,77239.0
1595.0,796,0,528,2194,2990,0,28944.0,36.36180904522613,2.9484243611931875,528,77421.0,0.1113439899978906,528,77421.0
1600.0,796,0,524,2201,2997,0,31084.0,39.050251256281406,3.201715013046828,524,78004.0,0.12195672763290498,524,78004.0
1605.0,796,0,515,2205,3001,0,32635.0,40.99874371859296,3.2170625762813043,515,80050.0,0.12134560597819823,515,80050.0
1610.0,806,1,493,2209,3015,0,31620.0,39.23076923076923,3.3383814639652893,493,80413.0,0.13323327877189617,493,80413.0
1615.0,806,0,468,2214,3020,0,30751.0,38.15260545905707,3.386312297010393,468,81490.0,0.13634424776109594,468,81490.0
1620.0,810,0,465,2217,3027,0,30230.0,37.32098765432099,3.4779007662093147,465,81288.0,0.1348614004582409,465,81288.0
1625.0,816,0,460,2217,3033,0,29246.0,35.84068627450981,3.657420963702743,460,80745.0,0.13278632849725616,460,80745.0
1630.0,816,0,453,2222,3038,0,28567.0,35.00857843137255,3.8032622324855385,453,80225.0,0.13315666783659738,453,80225.0
1635.0,817,0,453,2232,3049,0,28504.0,34.88861689106487,3.9293567671434015,453,80056.0,0.13608587882223905,453,80056.0
1640.0,819,0,432,2243,3062,0,27815.0,33.96214896214896,4.21484558670206,432,78701.0,0.15397386433491525,432,78701.0
1645.0,806,1,439,2263,3069,0,27925.0,34.646401985111666,4.313240433024758,439,78606.0,0.16724775696676308,439,78606.0
1650.0,810,0,440,2279,3089,0,27647.0,34.1320987654321,4.388499524480608,440,78382.0,0.17908132608220448,440,78382.0
1655.0,800,0,433,2295,3095,0,27510.0,34.3875,4.340795745695028,433,78205.0,0.17574418728551805,433,78205.0
1660.0,802,1,410,2304,3106,0,27417.0,34.1857855361596,4.551083565944287,410,78300.0,0.18723107759541205,410,78300.0
1665.0,802,0,399,2310,3112,0,27866.0,34.745635910224436,4.81935866702539,399,77756.0,0.19919302095890315,399,77756.0
1670.0,804,0,385,2315,3119,0,28426.0,35.35572139303483,4.950535916508497,385,77638.0,0.20086013294365965,385,77638.0
1675.0,804,0,370,2324,3128,0,29289.0,36.42910447761194,4.87964488737409,370,79523.0,0.20199542998760447,370,79523.0
1680.0,793,0,362,2336,3129,0,28936.0,36.48928121059269,4.76996162397668,362,78856.0,0.20008640401605576,362,78856.0
1685.0,786,0,357,2354,3140,0,29103.0,37.02671755725191,4.732500726304026,357,79567.0,0.2092011367241655,357,79567.0
1690.0,771,0,355,2373,3144,0,29088.0,37.72762645914397,4.713454278543098,355,78620.0,0.20924856075691697,355,78620.0
1695.0,770,1,361,2382,3152,0,29200.0,37.922077922077925,4.73191914403396,361,77995.0,0.19900575190243955,361,77995.0
1700.0,766,0,365,2395,3161,0,29531.0,38.552219321148826,4.740137806662683,365,77957.0,0.195082059353224,365,77957.0
1705.0,759,0,352,2409,3168,0,29495.0,38.86034255599473,4.709274837012506,352,77927.0,0.18835079096456567,352,77927.0
1710.0,754,0,364,2419,3173,0,29084.0,38.57294429708223,4.460533992534177,364,79078.0,0.17072404752266016,364,79078.0
1715.0,749,1,360,2434,3183,0,27121.0,36.20961281708945,4.198078565357351,360,78257.0,0.16316715587678357,360,78257.0
1720.0,745,0,381,2451,3196,0,25929.0,34.80402684563759,4.013106212372225,381,78784.0,0.16203929766567848,381,78784.0
1725.0,736,0,390,2466,3202,0,25521.0,34.67527173913044,3.9015158087601587,390,78300.0,0.16365301353586656,390,78300.0
1730.0,733,0,417,2481,3214,0,25176.0,34.346521145975444,3.7201473206686453,417,77482.0,0.15895163213884902,417,77482.0
1735.0,729,1,441,2488,3217,0,24979.0,34.26474622770919,3.556984998699085,441,76926.0,0.144086176492438,441,76926.0
1740.0,722,0,461,2500,3222,0,25170.0,34.86149584487535,3.295713472516724,461,76176.0,0.12769222733769156,461,76176.0
1745.0,720,1,485,2510,3230,0,25759.0,35.77638888888889,3.0612501330678654,485,76632.0,0.11541487747943396,485,76632.0
1750.0,712,0,508,2523,3235,0,27036.0,37.97191011235955,2.84359000027365,508,76344.0,0.10642643277111649,508,76344.0
1755.0,707,1,533,2537,3244,0,29075.0,41.12446958981612,2.662976169644802,533,77264.0,0.10263561980191448,533,77264.0
1760.0,703,0,546,2552,3255,0,31068.0,44.193456614509245,2.5102022542874547,546,77666.0,0.10250364595512454,546,77666.0
1765.0,705,2,547,2560,3265,0,32985.0,46.787234042553195,2.4755148291096587,547,80408.0,0.10925696483819626,547,80408.0
1770.0,701,0,530,2569,3270,0,33094.0,47.20970042796006,2.35844774297007,530,80887.0,0.10612592524443593,530,80887.0
1775.0,702,1,515,2576,3278,0,33483.0,47.6965811965812,2.431650399526285,515,82213.0,0.11373221137634437,515,82213.0
1780.0,701,1,501,2582,3283,0,33938.0,48.41369472182596,2.6049373196484367,501,81840.0,0.11768069318026377,501,81840.0
1785.0,710,0,487,2583,3293,0,33702.0,47.46760563380282,2.722060309973113,487,84113.0,0.11755150965390541,487,84113.0
1790.0,707,1,490,2591,3298,0,31847.0,45.04526166902404,2.4996498474033473,490,84009.0,0.1047140009904179,490,84009.0
1795.0,711,1,483,2594,3305,0,30626.0,43.07454289732771,2.40653216841991,483,84350.0,0.09759560072900192,483,84350.0
1800.0,712,0,470,2601,3313,0,28446.0,39.95224719101124,2.45424856121292,470,84966.0,0.10609299674672801,470,84966.0
1805.0,716,0,475,2603,3319,0,27627.0,38.58519553072626,2.4183724809137135,475,84437.0,0.09710614828972351,475,84437.0
1810.0,716,0,462,2609,3325,0,25600.0,35.754189944134076,2.3634402379297463,462,86907.0,0.09809339843846761,462,86907.0
1815.0,718,0,431,2612,3330,0,21832.0,30.4066852367688,2.4941863584423007,431,86534.0,0.10825547876993194,431,86534.0
1820.0,720,0,410,2616,3336,0,19354.0,26.880555555555556,2.634779538611788,410,87325.0,0.11705498607129894,410,87325.0
1825.0,720,0,395,2620,3340,0,16819.0,23.35972222222222,2.771768608697113,395,86309.0,0.11584713442214448,395,86309.0
1830.0,717,0,395,2626,3343,0,15434.0,21.525801952580196,2.953569980142746,395,85738.0,0.11681017201827608,395,85738.0
1835.0,715,1,403,2632,3347,0,14873.0,20.801398601398603,3.05110828602026,403,85615.0,0.11210039079929328,403,85615.0
1840.0,711,0,412,2644,3355,0,14520.0,20.421940928270043,3.139096917468093,412,84795.0,0.11207945338480306,412,84795.0
1845.0,716,0,419,2649,3365,0,14518.0,20.276536312849164,3.4743570290579644,419,84596.0,0.12771588446664284,419,84596.0
1850.0,714,0,415,2655,3369,0,14604.0,20.45378151260504,3.7760147015345926,415,84452.0,0.13874635032461233,415,84452.0
1855.0,711,0,415,2663,3374,0,15702.0,22.08438818565401,4.011274406389128,415,84286.0,0.1488777925577995,415,84286.0
1860.0,718,1,411,2664,3382,0,17004.0,23.682451253481894,4.134878447283885,411,86080.0,0.158482960251973,411,86080.0
1865.0,721,0,407,2666,3387,0,16905.0,23.446601941747574,4.171992397173243,407,85007.0,0.1615452020835515,407,85007.0
1870.0,722,0,405,2671,3393,0,17010.0,23.559556786703602,4.207232330563124,405,85172.0,0.16390490558802415,405,85172.0
1875.0,717,0,407,2679,3396,0,17489.0,24.391910739191076,4.139189192760181,407,83730.0,0.1509162038082471,407,83730.0
1880.0,714,0,400,2684,3398,0,17622.0,24.680672268907564,4.112414176000047,400,82276.0,0.12820057193200304,400,82276.0
1885.0,702,0,372,2702,3404,0,16579.0,23.616809116809115,3.969686465130153,372,79819.0,0.1174196234189528,372,79819.0
1890.0,696,1,364,2714,3410,0,16604.0,23.85632183908046,4.2871128928064,364,78085.0,0.14110177126431503,364,78085.0
1895.0,687,0,360,2731,3418,0,16790.0,24.439592430858806,4.4068907014247,360,76986.0,0.15480882021404332,360,76986.0
1900.0,683,0,348,2744,3427,0,17085.0,25.01464128843338,4.512817760122132,348,74501.0,0.15706121655830868,348,74501.0
1905.0,677,0,334,2757,3434,0,17465.0,25.797636632200888,4.6933821781881795,334,73400.0,0.171853740387248,334,73400.0
1910.0,662,0,324,2776,3438,0,18072.0,27.299093655589125,4.7532680216871395,324,72466.0,0.17655471077819074,324,72466.0
1915.0,657,0,320,2786,3443,0,18624.0,28.347031963470318,5.005376838765986,320,72376.0,0.1963118004023131,320,72376.0
1920.0,662,0,305,2790,3452,0,19621.0,29.638972809667674,5.278332931912271,305,71754.0,0.205093388387488,305,71754.0
1925.0,659,0,308,2797,3456,0,20861.0,31.655538694992412,5.206392361823794,308,72802.0,0.20244080874237227,308,72802.0
1930.0,651,0,315,2810,3461,0,21323.0,32.754224270353305,4.9371301823680245,315,73017.0,0.19147999423407816,315,73017.0
1935.0,644,0,328,2818,3462,0,21908.0,34.01863354037267,4.681212637681294,328,72205.0,0.17496164218378088,328,72205.0
1940.0,638,0,343,2828,3466,0,22588.0,35.40438871473354,4.428164613035034,343,71315.0,0.16148466551489596,343,71315.0
1945.0,628,1,350,2843,3471,0,23488.0,37.40127388535032,4.148016104232369,350,70252.0,0.14789891674239472,350,70252.0
1950.0,622,0,363,2854,3476,0,23763.0,38.20418006430868,3.883225123287568,363,71706.0,0.13241494444757831,363,71706.0
1955.0,615,0,351,2868,3483,0,22093.0,35.923577235772356,3.536170852369395,351,70516.0,0.11753649191091832,351,70516.0
1960.0,598,0,345,2889,3487,0,20604.0,34.45484949832776,3.3972669608274777,345,70693.0,0.12128063322527745,345,70693.0
1965.0,586,0,332,2906,3492,0,19361.0,33.039249146757676,3.460967996822818,332,70110.0,0.13115105741815822,332,70110.0
1970.0,571,0,327,2925,3496,0,18473.0,32.35201401050788,3.5443618383161644,327,68686.0,0.13681898338032275,327,68686.0
1975.0,568,0,320,2940,3508,0,17851.0,31.427816901408452,3.8521122718573486,320,67746.0,0.15779462741540676,320,67746.0
1980.0,559,0,311,2953,3512,0,17435.0,31.189624329159212,4.060083007664552,311,67031.0,0.1694817170317246,311,67031.0
1985.0,559,0,303,2958,3517,0,17600.0,31.48479427549195,3.99138168996912,303,68043.0,0.16359187046409762,303,68043.0
1990.0,560,0,306,2959,3519,0,18345.0,32.75892857142857,3.923890168933443,306,67241.0,0.15898775306489127,306,67241.0
1995.0,563,0,320,2963,3526,0,19620.0,34.849023090586144,3.887234917600343,320,68817.0,0.16040734197190185,320,68817.0
2000.0,563,0,314,2968,3531,0,20677.0,36.726465364120784,3.7721113060228086,314,68691.0,0.15229851787595064,314,68691.0
2005.0,562,0,315,2971,3533,0,21780.0,38.754448398576514,3.510528717633021,315,70268.0,0.12636212163320953,315,70268.0
2010.0,569,0,327,2971,3540,0,22957.0,40.34622144112478,3.2399107976748325,327,69629.0,0.09906210431409468,327,69629.0
2015.0,565,0,335,2978,3543,0,24233.0,42.89026548672567,3.132240640623507,335,70205.0,0.09701876831272663,335,70205.0
2020.0,561,0,337,2984,3545,0,25523.0,45.49554367201426,3.0827797327706077,337,69787.0,0.09412137169854567,337,69787.0
2025.0,551,0,348,2996,3547,0,27017.0,49.03266787658802,2.96598239404806,348,68618.0,0.09099026490141877,348,68618.0
2030.0,537,0,370,3014,3551,0,28507.0,53.08566108007449,2.5593307070489657,370,70195.0,0.08310909917734105,370,70195.0
2035.0,532,1,356,3024,3556,0,29598.0,55.63533834586466,2.4947216012609514,356,70188.0,0.08892437441146651,356,70188.0
2040.0,529,0,343,3032,3561,0,30793.0,58.209829867674856,2.5837828721488556,343,70863.0,0.09891956828301558,343,70863.0
2045.0,522,0,329,3045,3567,0,31909.0,61.128352490421456,2.7783250625039075,329,70609.0,0.10999878371414909,329,70609.0
2050.0,521,0,316,3049,3570,0,33044.0,63.424184261036466,3.2116465666816256,316,70545.0,0.12325237907234503,316,70545.0
2055.0,522,0,309,3052,3574,0,34173.0,65.46551724137932,3.301431666539612,309,71978.0,0.1235690312208658,309,71978.0
2060.0,526,0,324,3054,3580,0,35455.0,67.40494296577947,3.303266072843236,324,71725.0,0.12581797456632282,324,71725.0
2065.0,522,0,344,3059,3581,0,36961.0,70.80651340996168,3.0797997817031324,344,72116.0,0.11262859670365788,344,72116.0
2070.0,527,0,361,3062,3589,0,38557.0,73.16318785578747,2.9394669091010615,361,72021.0,0.09756751690852432,361,72021.0
2075.0,524,0,382,3070,3594,0,40280.0,76.87022900763358,2.884227165354674,382,72464.0,0.09568366795592737,382,72464.0
2080.0,524,0,382,3073,3597,0,41134.0,78.5,2.9132432905402665,382,74390.0,0.09847438207235122,382,74390.0
2085.0,521,0,354,3078,3599,0,38346.0,73.60076775431862,2.8828518738626356,354,72514.0,0.09865066309493921,354,72514.0
2090.0,526,0,337,3079,3605,0,36242.0,68.90114068441065,3.1423038780158383,337,72517.0,0.1105792268349136,337,72517.0
2095.0,525,1,321,3083,3608,0,34035.0,64.82857142857142,3.406686774164205,321,70711.0,0.1168006135530844,321,70711.0
2100.0,520,0,310,3092,3612,0,32254.0,62.026923076923076,3.748712477962802,310,68214.0,0.12791275691343593,310,68214.0
2105.0,512,0,293,3104,3616,0,29909.0,58.416015625,4.001858070580469,293,66488.0,0.13816738664310207,293,66488.0
2110.0,502,0,278,3115,3617,0,27719.0,55.21713147410359,4.34240241929722,278,64253.0,0.15354438755391733,278,64253.0
2115.0,497,0,258,3124,3621,0,26202.0,52.72032193158954,4.678282791550801,258,62145.0,0.16937250782590801,258,62145.0
2120.0,498,0,238,3128,3626,0,25528.0,51.261044176706825,5.10425244360092,238,60524.0,0.19432381927446402,238,60524.0
2125.0,497,0,229,3131,3628,0,26237.0,52.7907444668008,5.519317629298263,229,58626.0,0.2124051205871798,229,58626.0
2130.0,496,0,230,3135,3631,0,26926.0,54.28629032258065,5.614544426249851,230,58941.0,0.21614798753345033,230,58941.0
2135.0,492,0,219,3141,3633,0,25814.0,52.46747967479675,5.3603468401015135,219,57852.0,0.19344042340320544,219,57852.0
2140.0,492,0,219,3144,3636,0,25058.0,50.93089430894309,5.22113676886239,219,58700.0,0.17579069205188855,219,58700.0
2145.0,488,0,226,3153,3641,0,23801.0,48.77254098360656,4.792637160020597,226,58185.0,0.1421252414979798,226,58185.0
2150.0,485,0,232,3159,3644,0,22248.0,45.87216494845361,4.474653153415345,232,59321.0,0.11578425943810579,232,59321.0
2155.0,475,0,247,3170,3645,0,19250.0,40.526315789473685,4.188919158127715,247,57554.0,0.10243842923136968,247,57554.0
2160.0,464,0,269,3186,3650,0,16612.0,35.80172413793103,3.787711816045727,269,57422.0,0.09380294696978377,269,57422.0
2165.0,456,0,283,3203,3659,0,14544.0,31.894736842105264,3.7150432248826433,283,56137.0,0.11206664200946137,283,56137.0
2170.0,445,0,287,3217,3662,0,12991.0,29.193258426966292,3.5338442441941864,287,53777.0,0.10492996237992351,287,53777.0
2175.0,434,0,290,3231,3665,0,11630.0,26.797235023041473,3.4421674621772813,290,52659.0,0.11359917502339652,290,52659.0
2180.0,429,0,279,3239,3668,0,8170.0,19.044289044289044,3.367852517968894,279,52519.0,0.12037602338138106,279,52519.0
2185.0,419,0,259,3252,3671,0,8029.0,19.162291169451073,3.217570253876341,259,51908.0,0.128530858203261,259,51908.0
2190.0,408,0,242,3266,3674,0,8296.0,20.333333333333332,3.1510888003801703,242,51940.0,0.13451673970086905,242,51940.0
2195.0,407,0,244,3272,3679,0,8560.0,21.03194103194103,3.135161887810054,244,53429.0,0.13412121716768505,244,53429.0
2200.0,410,0,238,3276,3686,0,8442.0,20.590243902439024,3.271027751204836,238,53361.0,0.14420908330393414,238,53361.0
2205.0,408,0,245,3280,3688,0,8936.0,21.901960784313726,3.083431839925225,245,54562.0,0.13259381945851162,245,54562.0
2210.0,408,0,258,3282,3690,0,9581.0,23.482843137254903,2.8108865169689965,258,53922.0,0.11177335745567013,258,53922.0
2215.0,405,0,266,3286,3691,0,10203.0,25.192592592592593,2.485510946560265,266,55179.0,0.08998137719508398,266,55179.0
2220.0,404,0,254,3290,3694,0,10433.0,25.824257425742573,2.500390167430859,254,54436.0,0.09218748055295789,254,54436.0
2225.0,403,0,248,3293,3696,0,11067.0,27.46153846153846,2.7339025581063083,248,54314.0,0.10336396981735214,248,54314.0
2230.0,398,0,239,3301,3699,0,11799.0,29.64572864321608,3.0703763816915384,239,53180.0,0.12116111502912506,239,53180.0
2235.0,398,0,224,3302,3700,0,12531.0,31.484924623115578,3.6840354731803853,224,52144.0,0.13655601166363088,224,52144.0
2240.0,401,0,217,3303,3704,0,13327.0,33.234413965087285,3.8803624141503787,217,52815.0,0.1346002216596879,217,52815.0
2245.0,397,0,235,3308,3705,0,14116.0,35.55667506297229,3.6120337734463948,235,52347.0,0.11519292748538203,235,52347.0
2250.0,395,0,251,3314,3709,0,15019.0,38.02278481012658,3.1762172644876645,251,53573.0,0.0903596378768906,251,53573.0
2255.0,395,0,263,3318,3713,0,15731.0,39.8253164556962,2.9923929527834257,263,52647.0,0.0788819772965183,263,52647.0
2260.0,396,0,271,3321,3717,0,16589.0,41.89141414141414,3.131682650266461,271,52903.0,0.08961679403021722,271,52903.0
2265.0,395,0,267,3323,3718,0,17430.0,44.12658227848101,3.10173386404607,267,54253.0,0.08470882554592228,267,54253.0
2270.0,396,0,248,3324,3720,0,17819.0,44.99747474747475,3.1970448515713312,248,53724.0,0.08639307535278742,248,53724.0
2275.0,394,0,232,3329,3723,0,18348.0,46.568527918781726,3.383669651321802,232,53847.0,0.0993683606504691,232,53847.0
2280.0,392,0,229,3337,3729,0,18921.0,48.267857142857146,3.4849628898180662,229,54841.0,0.11602842434121474,229,54841.0
2285.0,386,0,237,3347,3733,0,19648.0,50.90155440414508,3.3038328927152225,237,54532.0,0.11393908476165092,237,54532.0
2290.0,381,0,254,3353,3734,0,20609.0,54.09186351706037,3.0845217188939826,254,55292.0,0.10368042791686556,254,55292.0
2295.0,375,0,260,3366,3741,0,21420.0,57.12,2.7964978757744667,260,54779.0,0.10465479393378903,260,54779.0
2300.0,375,0,260,3373,3748,0,22393.0,59.714666666666666,2.8489795774243913,260,55029.0,0.11736316668732441,260,55029.0
2305.0,373,0,264,3378,3751,0,23485.0,62.96246648793566,2.92440684039099,264,53821.0,0.12252402557160152,264,53821.0
2310.0,371,0,264,3381,3752,0,24543.0,66.15363881401618,2.918425673076452,264,54765.0,0.12021360526574103,264,54765.0
2315.0,370,0,242,3385,3755,0,24816.0,67.07027027027027,2.911541383770068,242,54444.0,0.12103894977165829,242,54444.0
2320.0,371,0,225,3386,3757,0,25224.0,67.98921832884098,3.211470771330812,225,54636.0,0.13341805135530968,225,54636.0
2325.0,370,0,225,3389,3759,0,24922.0,67.35675675675675,3.238340145853273,225,55747.0,0.12956007226760163,225,55747.0
2330.0,368,0,217,3393,3761,0,20227.0,54.96467391304348,3.178078398500287,217,52368.0,0.1185290675181026,217,52368.0
2335.0,364,0,221,3399,3763,0,16552.0,45.472527472527474,3.1906014019519926,221,50951.0,0.11692333232265768,221,50951.0
2340.0,360,0,210,3405,3765,0,13086.0,36.35,3.481381622792614,210,47972.0,0.12307131050648618,210,47972.0
2345.0,361,0,189,3408,3769,0,8854.0,24.526315789473685,4.103121171043298,189,44444.0,0.14179526909282344,189,44444.0
2350.0,361,0,174,3409,3770,0,6384.0,17.68421052631579,4.827665126533803,174,41194.0,0.16214217162000344,174,41194.0
2355.0,364,0,158,3411,3775,0,5834.0,16.02747252747253,5.496962553097839,158,37922.0,0.18870833874296133,158,37922.0
2360.0,362,0,140,3416,3778,0,5258.0,14.524861878453038,6.088191586815088,140,35151.0,0.22807100842829411,140,35151.0
2365.0,359,0,134,3421,3780,0,5741.0,15.991643454038996,6.720888945235975,134,32363.0,0.26039639967143735,134,32363.0
2370.0,360,0,135,3424,3784,0,6415.0,17.819444444444443,7.197728128811125,135,29864.0,0.27900240663675113,135,29864.0
2375.0,359,0,141,3426,3785,0,6932.0,19.309192200557103,7.028857985290053,141,30552.0,0.25591410609277193,141,30552.0
2380.0,355,1,151,3433,3788,0,6821.0,19.214084507042255,6.361565711380548,151,29559.0,0.19023322758984793,151,29559.0
2385.0,354,0,161,3438,3792,0,6950.0,19.63276836158192,5.934665035160283,161,29107.0,0.14704711808326354,161,29107.0
2390.0,355,0,167,3443,3798,0,6733.0,18.96619718309859,5.96835619964678,167,29165.0,0.16083873040639737,167,29165.0
2395.0,352,1,142,3450,3802,0,5221.0,14.832386363636363,6.101057288895003,142,28405.0,0.18341732116501525,142,28405.0
2400.0,340,0,123,3464,3804,0,4080.0,12.0,6.027939498815446,123,27841.0,0.18955105222144572,123,27841.0
2405.0,324,0,123,3481,3805,0,4366.0,13.475308641975309,6.267883467716282,123,26761.0,0.2158296406008548,123,26761.0
2410.0,322,0,127,3488,3810,0,4991.0,15.5,6.875846954987659,127,25797.0,0.2371402004948436,127,25797.0
2415.0,304,0,133,3512,3816,0,5643.0,18.5625,6.81766557597795,133,25478.0,0.2304367302076649,133,25478.0
2420.0,291,0,141,3527,3818,0,6106.0,20.982817869415808,6.443833186785459,141,25993.0,0.19708665266450212,141,25993.0
2425.0,273,0,139,3545,3818,0,5722.0,20.95970695970696,5.954081543006199,139,24767.0,0.17926066207538696,139,24767.0
2430.0,263,0,135,3557,3820,0,5822.0,22.136882129277566,5.671088487225578,135,24505.0,0.17647312882041855,135,24505.0
2435.0,263,0,135,3559,3822,0,5969.0,22.695817490494296,5.775330160040732,135,23625.0,0.17617961077524383,135,23625.0
2440.0,263,0,135,3562,3825,0,6330.0,24.068441064638783,5.901068096736224,135,22359.0,0.1759706826914354,135,22359.0
2445.0,264,0,133,3566,3830,0,6479.0,24.541666666666668,6.057385966274668,133,22099.0,0.18968917085514975,133,22099.0
2450.0,263,0,130,3570,3833,0,6834.0,25.984790874524716,6.186731032996598,130,21706.0,0.20199882774495792,130,21706.0
2455.0,258,0,128,3578,3836,0,6988.0,27.085271317829456,5.940210212965503,128,22360.0,0.20486974285415838,128,22360.0
2460.0,252,0,104,3588,3840,0,5209.0,20.67063492063492,5.696095268911117,104,20369.0,0.2122975495493382,104,20369.0
2465.0,247,0,94,3599,3846,0,3725.0,15.080971659919028,5.532490159513356,94,20859.0,0.22226495711265995,94,20859.0
2470.0,233,0,84,3613,3846,0,2346.0,10.068669527896995,5.077030334184466,84,19769.0,0.20050920106892317,84,19769.0
2475.0,228,0,96,3623,3851,0,2052.0,9.0,4.860245610489247,96,20227.0,0.2001259411313468,96,20227.0
2480.0,221,0,86,3631,3852,0,1730.0,7.828054298642534,4.734013888680076,86,18441.0,0.20619031931715595,86,18441.0
2485.0,220,0,77,3634,3854,0,1695.0,7.704545454545454,5.29055474283352,77,17648.0,0.24156395130891067,77,17648.0
2490.0,219,0,67,3638,3857,0,1860.0,8.493150684931507,6.036574683868304,67,16299.0,0.27979213203553654,67,16299.0
2495.0,218,1,75,3645,3863,0,2159.0,9.903669724770642,6.312544359633458,75,16342.0,0.2957099103997328,75,16342.0
2500.0,218,0,89,3649,3867,0,2385.0,10.940366972477063,5.954548830731447,89,15252.0,0.2582684226437636,89,15252.0
2505.0,219,0,98,3650,3869,0,2654.0,12.118721461187215,5.57692561637093,98,15477.0,0.21919109125212322,98,15477.0
2510.0,218,0,80,3654,3872,0,2738.0,12.559633027522937,5.791377215854623,80,14853.0,0.24620435187480819,80,14853.0
2515.0,217,0,63,3656,3873,0,2872.0,13.235023041474655,6.383664051085862,63,14349.0,0.2813304490502469,63,14349.0
2520.0,219,0,75,3657,3876,0,2623.0,11.97716894977169,6.450552603411599,75,14700.0,0.2575902718294736,75,14700.0
2525.0,213,0,71,3665,3878,0,1380.0,6.47887323943662,6.302779772901241,71,13829.0,0.23999003994008217,71,13829.0
2530.0,212,0,87,3667,3879,0,1712.0,8.075471698113208,6.151516788726047,87,14240.0,0.2075320958976112,87,14240.0
2535.0,210,0,98,3672,3882,0,1953.0,9.3,5.975722613482892,98,13165.0,0.19695573638521208,98,13165.0
2540.0,205,0,93,3678,3883,0,2139.0,10.434146341463414,5.874243943061857,93,13442.0,0.1969691956026102,93,13442.0
2545.0,200,0,70,3683,3883,0,1901.0,9.505,5.819217078465913,70,13027.0,0.20007853013856422,70,13027.0
2550.0,191,0,65,3694,3885,0,2008.0,10.513089005235603,6.0491769995377895,65,13014.0,0.22858299701546883,65,13014.0
2555.0,184,0,79,3702,3886,0,2225.0,12.092391304347826,5.6547131253651655,79,13256.0,0.18272290748061584,79,13256.0
2560.0,179,0,76,3707,3886,0,2105.0,11.759776536312849,5.658192764264532,76,12703.0,0.16508696206007073,76,12703.0
2565.0,179,0,81,3707,3886,0,2349.0,13.12290502793296,5.687359849939862,81,13096.0,0.14143131228558628,81,13096.0
2570.0,177,0,86,3712,3889,0,2544.0,14.372881355932204,5.654594768629106,86,11957.0,0.13983691203474197,86,11957.0
2575.0,174,0,80,3717,3891,0,2702.0,15.528735632183908,5.682274870119944,80,12324.0,0.14582330067464752,80,12324.0
2580.0,171,0,59,3723,3894,0,2412.0,14.105263157894736,5.745391672483151,59,11942.0,0.1624098818768928,59,11942.0
2585.0,162,0,60,3733,3895,0,2495.0,15.401234567901234,5.73134943097355,60,12230.0,0.17592408042415744,60,12230.0
2590.0,160,0,63,3736,3896,0,2457.0,15.35625,5.885878385670181,63,11788.0,0.17258447850549263,63,11788.0
2595.0,158,0,69,3741,3899,0,2519.0,15.943037974683545,5.995247132595459,69,12119.0,0.16324726723905272,69,12119.0
2600.0,156,0,73,3743,3899,0,2028.0,13.0,6.112851025620486,73,11244.0,0.15195440684931869,73,11244.0
2605.0,154,0,69,3748,3902,0,1792.0,11.636363636363637,6.2062019220986535,69,11605.0,0.177553481810403,69,11605.0
2610.0,152,0,56,3752,3904,0,1430.0,9.407894736842104,6.544872108468797,56,11439.0,0.2227756393578452,56,11439.0
2615.0,147,0,58,3760,3907,0,1406.0,9.564625850340136,6.545021113540288,58,11720.0,0.24070020354323687,58,11720.0
2620.0,143,0,57,3765,3908,0,1322.0,9.244755244755245,6.472548725606972,57,10386.0,0.2330810474912549,57,10386.0
2625.0,139,0,60,3769,3908,0,1470.0,10.575539568345324,6.463973284439259,60,10040.0,0.22685720160421877,60,10040.0
2630.0,136,0,60,3772,3908,0,1358.0,9.985294117647058,6.103350316728072,60,10342.0,0.18114023671517465,60,10342.0
2635.0,132,0,38,3777,3909,0,612.0,4.636363636363637,6.499658694953003,38,9516.0,0.2322655302207875,38,9516.0
2640.0,125,0,37,3784,3909,0,693.0,5.544,6.2153741899975845,37,9708.0,0.2077077939382869,37,9708.0
2645.0,123,0,50,3787,3910,0,746.0,6.065040650406504,6.3779698239088125,50,9450.0,0.19926874637921127,50,9450.0
2650.0,116,0,54,3795,3911,0,922.0,7.948275862068965,6.108263365313106,54,9716.0,0.17726416177603754,54,9716.0
2655.0,117,0,51,3797,3914,0,927.0,7.923076923076923,6.4825895757913425,51,8627.0,0.2070403517299865,51,8627.0
2660.0,119,0,49,3799,3918,0,1009.0,8.478991596638656,6.728435617323493,49,8279.0,0.22511559805123435,49,8279.0
2665.0,118,0,44,3802,3920,0,939.0,7.9576271186440675,6.7826136647359885,44,8515.0,0.2330484636882263,44,8515.0
2670.0,114,0,28,3807,3921,0,681.0,5.973684210526316,7.117413218622471,28,7755.0,0.2826187156376911,28,7755.0
2675.0,112,0,37,3811,3923,0,755.0,6.741071428571429,6.873993719579092,37,7924.0,0.23315952388375566,37,7924.0
2680.0,111,0,43,3814,3925,0,647.0,5.828828828828829,7.195008349764554,43,6881.0,0.2571827251111975,43,6881.0
2685.0,109,0,35,3817,3926,0,657.0,6.027522935779817,7.444284935812484,35,7083.0,0.271634734807634,35,7083.0
2690.0,107,0,26,3820,3927,0,567.0,5.299065420560748,7.875084523328608,26,6661.0,0.33871501112632907,26,6661.0
2695.0,104,0,27,3823,3927,0,479.0,4.605769230769231,8.037115221898835,27,6797.0,0.3274633475706641,27,6797.0
2700.0,101,0,30,3826,3927,0,487.0,4.821782178217822,8.210656033133786,30,6508.0,0.3361936288037493,30,6508.0
2705.0,97,0,34,3832,3929,0,607.0,6.257731958762887,7.979672864824495,34,6671.0,0.30350342135344016,34,6671.0
2710.0,91,0,31,3838,3929,0,563.0,6.186813186813187,7.775066103439432,31,6249.0,0.28029256739849645,31,6249.0
2715.0,90,0,28,3841,3931,0,555.0,6.166666666666667,7.953220766497018,28,5367.0,0.3117914652576856,28,5367.0
2720.0,89,0,25,3843,3932,0,535.0,6.01123595505618,7.754143915699132,25,5504.0,0.29260569991187074,25,5504.0
2725.0,87,0,24,3847,3934,0,539.0,6.195402298850575,7.456524057689856,24,5279.0,0.29771966023434354,24,5279.0
2730.0,89,0,31,3849,3938,0,591.0,6.640449438202247,7.444672826179508,31,5421.0,0.2919271462638492,31,5421.0
2735.0,87,0,28,3854,3941,0,519.0,5.9655172413793105,7.644280577102436,28,4554.0,0.32683341774731367,28,4554.0
2740.0,85,0,21,3857,3942,0,432.0,5.08235294117647,8.003328390853623,21,4649.0,0.35302386800097696,21,4649.0
2745.0,85,0,21,3858,3943,0,457.0,5.376470588235295,8.31247590496498,21,4647.0,0.3895240453899603,21,4647.0
2750.0,82,0,22,3861,3943,0,369.0,4.5,8.448193268564527,22,4763.0,0.3743118948290568,22,4763.0
2755.0,78,0,18,3866,3944,0,360.0,4.615384615384615,8.891130472217373,18,4521.0,0.4578161461796767,18,4521.0
2760.0,70,0,19,3874,3944,0,434.0,6.2,8.736854398002293,19,4615.0,0.4318207608614895,19,4615.0
2765.0,68,0,17,3876,3944,0,444.0,6.529411764705882,8.95372633181913,17,4044.0,0.4292322351554809,17,4044.0
2770.0,68,0,11,3877,3945,0,384.0,5.647058823529412,9.092685995705546,11,4113.0,0.41585010068720124,11,4113.0
2775.0,66,0,11,3880,3946,0,194.0,2.9393939393939394,9.001638493943977,11,3368.0,0.43092206936279803,11,3368.0
2780.0,67,0,14,3881,3948,0,160.0,2.388059701492537,8.878998975473095,14,2694.0,0.42202522522030117,14,2694.0
2785.0,65,0,14,3883,3948,0,170.0,2.6153846153846154,8.601941976199383,14,2772.0,0.37041469446010095,14,2772.0
2790.0,61,0,17,3887,3948,0,243.0,3.9836065573770494,8.465685055301796,17,2729.0,0.36126914289323553,17,2729.0
2795.0,60,0,19,3888,3948,0,309.0,5.15,7.946317241175491,19,2819.0,0.21866074805374774,19,2819.0
2800.0,57,0,17,3892,3949,0,307.0,5.385964912280702,8.052671112590282,17,2275.0,0.2638530799529513,17,2275.0
2805.0,55,0,12,3895,3950,0,185.0,3.3636363636363638,8.168365401983936,12,2343.0,0.2825344042841652,12,2343.0
2810.0,53,0,12,3897,3950,0,176.0,3.3207547169811322,8.581166401531087,12,2190.0,0.33137172386755703,12,2190.0
2815.0,49,0,14,3902,3951,0,232.0,4.73469387755102,8.480537042420192,14,2257.0,0.30509785123912686,14,2257.0
2820.0,46,0,10,3906,3952,0,253.0,5.5,9.04551877012289,10,1808.0,0.3864107313386393,10,1808.0
2825.0,48,0,9,3906,3954,0,282.0,5.875,9.477798091437348,9,1858.0,0.4156292934997193,9,1858.0
2830.0,46,0,13,3908,3954,0,338.0,7.3478260869565215,9.180315500987842,13,1874.0,0.34553095629720804,13,1874.0
2835.0,45,0,10,3909,3954,0,314.0,6.977777777777778,9.472347525694063,10,1936.0,0.3520135860748235,10,1936.0
2840.0,44,0,9,3912,3956,0,353.0,8.022727272727273,9.615302862494872,9,1895.0,0.4503475259311112,9,1895.0
2845.0,41,0,8,3915,3956,0,291.0,7.097560975609756,9.608016631262428,8,1942.0,0.44152217882336564,8,1942.0
2850.0,41,0,3,3916,3957,0,74.0,1.8048780487804879,10.345497396389062,3,1167.0,0.6059864834220258,3,1167.0
2855.0,38,0,3,3919,3957,0,89.0,2.3421052631578947,10.918026521831347,3,843.0,0.6657081200052776,3,843.0
2860.0,36,0,6,3921,3957,0,110.0,3.0555555555555554,10.19698529603369,6,864.0,0.4901421286632907,6,864.0
2865.0,34,0,7,3923,3957,0,145.0,4.264705882352941,10.341248679719406,7,899.0,0.48972152429754573,7,899.0
2870.0,33,0,7,3926,3959,0,134.0,4.0606060606060606,9.159081064678247,7,934.0,0.39957054391325114,7,934.0
2875.0,32,0,6,3927,3959,0,77.0,2.40625,9.600172301538933,6,560.0,0.5016290587345206,6,560.0
2880.0,30,0,6,3930,3960,0,99.0,3.3,9.157877608561902,6,591.0,0.47144127633646954,6,591.0
2885.0,29,0,6,3932,3961,0,129.0,4.448275862068965,9.684236684449688,6,612.0,0.5237130299522829,6,612.0
2890.0,29,0,3,3932,3961,0,75.0,2.586206896551724,10.170628387688323,3,639.0,0.5409228151937069,3,639.0
2895.0,28,0,3,3934,3962,0,90.0,3.2142857142857144,10.293824411395644,3,573.0,0.6453462999934954,3,573.0
2900.0,28,0,3,3934,3962,0,105.0,3.75,10.677756706316542,3,590.0,0.6159135164502655,3,590.0
2905.0,25,0,4,3937,3962,0,122.0,4.88,10.555865133310567,4,605.0,0.5874278330795755,4,605.0
2910.0,26,0,3,3939,3965,0,135.0,5.1923076923076925,10.712504000196464,3,624.0,0.6292177989067191,3,624.0
2915.0,27,0,3,3940,3967,0,150.0,5.555555555555555,11.214974545249786,3,633.0,0.729062640747374,3,633.0
2920.0,27,0,3,3941,3968,0,165.0,6.111111111111111,11.343679349046822,3,648.0,0.7538253385600603,3,648.0
2925.0,25,0,3,3943,3968,0,180.0,7.2,11.666753272722149,3,663.0,0.7465904097311735,3,663.0
2930.0,25,0,3,3943,3968,0,195.0,7.8,11.875357693375477,3,678.0,0.737719721678516,3,678.0
2935.0,23,0,3,3945,3968,0,210.0,9.130434782608695,11.761241625083583,3,693.0,0.7370238984040948,3,693.0
2940.0,22,0,2,3946,3968,0,143.0,6.5,11.737617167415026,2,707.0,0.7190569660893857,2,707.0
2945.0,20,0,1,3948,3968,0,67.0,3.35,11.589784716816467,1,218.0,0.8168603724178347,1,218.0
2950.0,20,0,2,3948,3968,0,75.0,3.75,11.280729577171336,2,226.0,0.709409376645493,2,226.0
2955.0,18,0,3,3950,3968,0,89.0,4.944444444444445,11.011457699362955,3,240.0,0.6552141125134734,3,240.0
2960.0,17,0,1,3951,3968,0,82.0,4.823529411764706,10.304831318673854,1,253.0,0.5655815781388417,1,253.0
2965.0,17,0,2,3952,3969,0,92.0,5.411764705882353,10.537363180340348,2,243.0,0.6885223047659722,2,243.0
2970.0,18,0,1,3952,3970,0,92.0,5.111111111111111,9.262376200674986,1,252.0,0.44946535923635494,1,252.0
2975.0,19,0,3,3952,3971,0,107.0,5.631578947368421,9.79218077046368,3,258.0,0.48203485104536353,3,258.0
2980.0,18,0,1,3953,3971,0,102.0,5.666666666666667,9.79383127990947,1,273.0,0.43714906108358104,1,273.0
2985.0,17,0,1,3955,3972,0,107.0,6.294117647058823,10.744177537662384,1,258.0,0.7730956114337679,1,258.0
2990.0,17,0,1,3955,3972,0,112.0,6.588235294117647,11.739436637184548,1,263.0,0.7828353931220945,1,263.0
2995.0,17,0,1,3956,3973,0,117.0,6.882352941176471,12.243736590579443,1,268.0,0.8019972733164176,1,268.0
3000.0,16,0,1,3957,3973,0,122.0,7.625,12.697311177007638,1,273.0,0.8175299855626146,1,273.0
3005.0,16,0,1,3957,3973,0,127.0,7.9375,12.749646731683303,1,278.0,0.8217767730834854,1,278.0
3010.0,15,0,1,3958,3973,0,132.0,8.8,12.658736607846103,1,283.0,0.8203171311142756,1,283.0
3015.0,14,0,1,3959,3973,0,137.0,9.785714285714286,12.707939507920182,1,288.0,0.820860984736932,1,288.0
3020.0,13,0,1,3960,3973,0,142.0,10.923076923076923,12.174146500622612,1,293.0,0.7736170970239531,1,293.0
3025.0,14,0,2,3960,3974,0,149.0,10.642857142857142,9.933361059368606,2,300.0,0.4676437162581392,2,300.0
3030.0,13,0,3,3962,3975,0,164.0,12.615384615384615,9.144442816363677,3,318.0,0.4844948508778111,3,318.0
3035.0,12,0,3,3963,3975,0,179.0,14.916666666666666,8.068255474898683,3,330.0,0.41871605023034464,3,330.0
3040.0,11,0,1,3964,3975,0,162.0,14.727272727272727,8.153589460217864,1,347.0,0.43790928849796096,1,347.0
3045.0,10,0,1,3965,3975,0,167.0,16.7,9.069474867314874,1,318.0,0.7390458126163256,1,318.0
3050.0,8,0,1,3967,3975,0,172.0,21.5,9.877242250825235,1,323.0,0.732891164191381,1,323.0
3055.0,8,0,1,3967,3975,0,177.0,22.125,11.024447169548992,1,328.0,0.6670878458788433,1,328.0
3060.0,8,0,2,3967,3975,0,184.0,23.0,10.502466107145349,2,335.0,0.4853022870144533,2,335.0
3065.0,8,0,2,3967,3975,0,194.0,24.25,10.414032048685666,2,345.0,0.48937458637680264,2,345.0
3070.0,9,0,2,3967,3976,0,204.0,22.666666666666668,10.783931552512193,2,355.0,0.5930543217542124,2,355.0
3075.0,11,0,2,3967,3978,0,214.0,19.454545454545453,10.705210467368309,2,365.0,0.6602781417289167,2,365.0
3080.0,12,0,3,3967,3979,0,225.0,18.75,9.744958352731913,3,376.0,0.5692096095823025,3,376.0
3085.0,12,0,2,3967,3979,0,234.0,19.5,9.098313389547366,2,390.0,0.4855480438386496,2,390.0
3090.0,12,0,3,3967,3979,0,249.0,20.75,9.616287404746062,3,400.0,0.5640827182138153,3,400.0
3095.0,11,0,2,3968,3979,0,227.0,20.636363636363637,9.416249677710347,2,414.0,0.562920931348241,2,414.0
3100.0,11,0,1,3968,3979,0,222.0,20.181818181818183,10.416984740515828,1,373.0,0.7810484617260849,1,373.0
3105.0,10,0,1,3970,3980,0,227.0,22.7,10.697050370473315,1,378.0,0.8213595937756022,1,378.0
3110.0,9,0,1,3971,3980,0,232.0,25.77777777777778,11.292983673027333,1,383.0,0.8149070525024005,1,383.0
3115.0,9,0,1,3971,3980,0,237.0,26.333333333333332,11.589808867663727,1,388.0,0.8198996611656596,1,388.0
3120.0,9,0,1,3971,3980,0,242.0,26.88888888888889,11.578405504790885,1,393.0,0.8211444623964667,1,393.0
3125.0,9,0,1,3971,3980,0,247.0,27.444444444444443,11.051582880203844,1,398.0,0.7843998608717908,1,398.0
3130.0,9,0,1,3971,3980,0,252.0,28.0,10.239371628023642,1,403.0,0.5473894531597406,1,403.0
3135.0,9,0,1,3971,3980,0,257.0,28.555555555555557,10.060680821913042,1,411.0,0.5030076010756447,1,411.0
3140.0,9,0,1,3971,3980,0,262.0,29.11111111111111,10.440518609868938,1,413.0,0.640284986049266,1,413.0
3145.0,9,0,1,3971,3980,0,267.0,29.666666666666668,9.741721171086482,1,418.0,0.3326697921253563,1,418.0
3150.0,8,0,2,3972,3980,0,277.0,34.625,9.619769901179257,2,428.0,0.32283773506023833,2,428.0
3155.0,10,0,2,3972,3982,0,287.0,28.7,10.006615619651075,2,438.0,0.4768993307793698,2,438.0
3160.0,11,0,2,3972,3983,0,297.0,27.0,10.627039674069946,2,448.0,0.5969492079600662,2,448.0
3165.0,10,0,2,3974,3984,0,307.0,30.7,10.93406061405437,2,458.0,0.7067300234363116,2,458.0
3170.0,10,0,2,3974,3984,0,317.0,31.7,9.669110354071124,2,468.0,0.5648276013502288,2,468.0
3175.0,10,0,3,3974,3984,0,332.0,33.2,9.709783722201548,3,483.0,0.5642759539552475,3,483.0
3180.0,12,0,3,3974,3986,0,347.0,28.916666666666668,9.904760881394777,3,498.0,0.6065503133335856,3,498.0
3185.0,11,0,3,3975,3986,0,362.0,32.90909090909091,9.731190624108885,3,513.0,0.6353511307358697,3,513.0
3190.0,10,0,3,3976,3986,0,377.0,37.7,9.69975735509082,3,528.0,0.6552571698560358,3,528.0
3195.0,10,0,3,3976,3986,0,392.0,39.2,9.696864971460434,3,543.0,0.6551610712672784,3,543.0
3200.0,9,0,1,3977,3986,0,322.0,35.77777777777778,9.239964793851486,1,556.0,0.6606465936673005,1,556.0
3205.0,9,0,1,3977,3986,0,327.0,36.333333333333336,10.319432094313564,1,478.0,0.8272320929175869,1,478.0
3210.0,9,0,1,3977,3986,0,332.0,36.888888888888886,9.811640820663992,1,483.0,0.6932029089813785,1,483.0
3215.0,9,0,2,3977,3986,0,341.0,37.888888888888886,10.135255294492278,2,492.0,0.6494505416003483,2,492.0
3220.0,9,0,2,3977,3986,0,351.0,39.0,9.912285440535113,2,502.0,0.5932462815586652,2,502.0
3225.0,9,0,2,3977,3986,0,361.0,40.111111111111114,10.18531198177685,2,512.0,0.59294159520396,2,512.0
3230.0,9,0,3,3977,3986,0,372.0,41.333333333333336,7.16026901681649,3,523.0,0.1968630392202369,3,523.0
3235.0,9,0,1,3977,3986,0,357.0,39.666666666666664,7.34156137793663,1,540.0,0.22641803273327432,1,540.0
3240.0,9,0,1,3977,3986,0,362.0,40.22222222222222,7.650004784517446,1,513.0,0.0,1,513.0
3245.0,9,0,1,3977,3986,0,367.0,40.77777777777778,9.421775406503677,1,518.0,0.0,1,518.0
3250.0,8,0,1,3978,3986,0,372.0,46.5,10.086740701387262,1,523.0,0.0,1,523.0
3255.0,8,0,1,3978,3986,0,377.0,47.125,11.040264134089028,1,528.0,0.0,1,528.0
3260.0,9,0,1,3978,3987,0,382.0,42.44444444444444,11.069211454301682,1,533.0,0.3321344126725953,1,533.0
3265.0,9,0,1,3978,3987,0,387.0,43.0,11.491837933222579,1,538.0,0.4532822693144513,1,538.0
3270.0,9,0,1,3978,3987,0,392.0,43.55555555555556,11.690596108744963,1,543.0,0.4955927026938847,1,543.0
3275.0,8,0,0,3979,3987,0,0.0,0.0,11.792988199414005,0,547.0,0.5294892067248301,0,547.0
3280.0,6,0,0,3981,3987,0,0.0,0.0,12.216911145485426,0,0.0,0.9863767923678712,0,0.0
3285.0,6,0,0,3981,3987,0,0.0,0.0,12.96029669389776,0,0.0,0.9972372159258023,0,0.0
3290.0,6,0,0,3981,3987,0,0.0,0.0,13.461567955188096,0,0.0,0.9775952999158637,0,0.0
3295.0,5,0,0,3982,3987,0,0.0,0.0,13.315582623460093,0,0.0,0.9964295447276027,0,0.0
3300.0,4,0,0,3983,3987,0,0.0,0.0,13.047616440773838,0,0.0,0.9897113404188367,0,0.0
3305.0,4,0,0,3983,3987,0,0.0,0.0,13.030144548101946,0,0.0,0.9833523855232758,0,0.0
3310.0,3,0,0,3984,3987,0,0.0,0.0,10.630800444987045,0,0.0,1.0,0,0.0
3315.0,2,0,0,3985,3987,0,0.0,0.0,12.398458257025883,0,0.0,1.0,0,0.0
3320.0,2,0,0,3985,3987,0,0.0,0.0,13.895086397183437,0,0.0,1.0,0,0.0
3325.0,2,0,0,3985,3987,0,0.0,0.0,14.534903685687485,0,0.0,1.0,0,0.0
3330.0,2,0,0,3985,3987,0,0.0,0.0,14.34966034646789,0,0.0,1.0,0,0.0
3335.0,2,0,0,3985,3987,0,0.0,0.0,14.657932068404651,0,0.0,1.0,0,0.0
3340.0,2,0,0,3985,3987,0,0.0,0.0,14.623537989691275,0,0.0,1.0,0,0.0
3345.0,1,0,0,3986,3987,0,0.0,0.0,15.497748440278539,0,0.0,1.0,0,0.0
3350.0,2,0,0,3986,3988,0,0.0,0.0,13.650917732521348,0,0.0,0.9379066948879146,0,0.0
3355.0,2,0,0,3986,3988,0,0.0,0.0,13.997514884097335,0,0.0,0.9820233940248763,0,0.0
3360.0,2,0,0,3986,3988,0,0.0,0.0,13.7840160126731,0,0.0,0.9800596767234555,0,0.0
3365.0,2,0,0,3987,3989,0,0.0,0.0,12.530757729116738,0,0.0,0.9374628631682891,0,0.0
3370.0,4,0,0,3987,3991,0,0.0,0.0,12.30187645350274,0,0.0,0.8881177772824635,0,0.0
3375.0,4,0,0,3987,3991,0,0.0,0.0,13.620915421763097,0,0.0,0.9813971598835334,0,0.0
3380.0,4,0,0,3987,3991,0,0.0,0.0,13.4840397684147,0,0.0,0.9718876931066408,0,0.0
3385.0,4,0,0,3987,3991,0,0.0,0.0,13.558034021390963,0,0.0,0.9774300500042212,0,0.0
3390.0,4,0,0,3987,3991,0,0.0,0.0,13.476107416134223,0,0.0,0.9717051437406108,0,0.0
3395.0,5,0,0,3987,3992,0,0.0,0.0,12.973610837604767,0,0.0,0.9265624400355948,0,0.0
3400.0,5,0,0,3987,3992,0,0.0,0.0,13.464997688388369,0,0.0,0.9588752475153793,0,0.0
3405.0,5,0,0,3987,3992,0,0.0,0.0,13.877771210992986,0,0.0,0.9873026351122194,0,0.0
3410.0,5,0,0,3987,3992,0,0.0,0.0,12.355371969440009,0,0.0,0.8644804947185494,0,0.0
3415.0,5,0,1,3987,3992,0,4.0,0.8,11.372916654220809,1,4.0,0.7350593573321779,1,4.0
3420.0,6,0,1,3987,3993,0,9.0,1.5,11.202745938775081,1,9.0,0.6555983960256808,1,9.0
3425.0,6,0,1,3987,3993,0,14.0,2.3333333333333335,11.922433612639812,1,14.0,0.7249895109817751,1,14.0
3430.0,6,0,1,3987,3993,0,19.0,3.1666666666666665,10.026028258141547,1,19.0,0.4997407743157536,1,19.0
3435.0,6,0,2,3987,3993,0,27.0,4.5,9.943731124388004,2,27.0,0.4935174675005135,2,27.0
3440.0,6,0,2,3987,3993,0,37.0,6.166666666666667,9.944957329441886,2,37.0,0.49463949845675814,2,37.0
3445.0,6,0,2,3987,3993,0,47.0,7.833333333333333,9.796906814169697,2,47.0,0.4875588156943709,2,47.0
3450.0,7,0,2,3987,3994,0,57.0,8.142857142857142,10.097210687199688,2,57.0,0.46161959352369536,2,57.0
3455.0,7,0,2,3987,3994,0,67.0,9.571428571428571,10.321144526811608,2,67.0,0.49098631937280107,2,67.0
3460.0,7,0,2,3987,3994,0,77.0,11.0,10.35231068344909,2,77.0,0.4949209956255748,2,77.0
3465.0,7,0,2,3987,3994,0,87.0,12.428571428571429,10.430086726176977,2,87.0,0.49147228743116167,2,87.0
3470.0,5,0,2,3989,3994,0,97.0,19.4,6.020426160843879,2,97.0,0.28624024240779755,2,97.0
3475.0,5,0,1,3989,3994,0,64.0,12.8,5.766970132182282,1,110.0,0.2691767449890993,1,110.0
3480.0,5,0,1,3989,3994,0,69.0,13.8,7.071362398991289,1,69.0,0.4825071816668179,1,69.0
3485.0,5,0,1,3989,3994,0,74.0,14.8,8.684237323499213,1,74.0,0.48457620172926785,1,74.0
3490.0,5,0,1,3989,3994,0,79.0,15.8,10.226953123773376,1,79.0,0.49166516621028616,1,79.0
3495.0,5,0,0,3989,3994,0,0.0,0.0,11.319267831598594,0,83.0,0.5101844621736086,0,83.0
3500.0,5,0,0,3989,3994,0,0.0,0.0,12.000591842406616,0,0.0,0.9651769620669189,0,0.0
3505.0,4,0,0,3990,3994,0,0.0,0.0,11.978148502702062,0,0.0,0.8069004363090112,0,0.0
3510.0,4,0,1,3990,3994,0,2.0,0.5,10.00811095551662,1,2.0,0.000550082425511072,1,2.0
3515.0,5,0,0,3990,3995,0,0.0,0.0,10.71745941128655,0,6.0,0.4874526794343752,0,6.0
3520.0,5,0,0,3990,3995,0,0.0,0.0,11.491522154060721,0,0.0,0.965732004016111,0,0.0
3525.0,5,0,0,3990,3995,0,0.0,0.0,12.30566609684617,0,0.0,0.9717743113962759,0,0.0
3530.0,5,0,0,3990,3995,0,0.0,0.0,13.178688174567714,0,0.0,0.9927269793258584,0,0.0
3535.0,4,0,0,3991,3995,0,0.0,0.0,12.828951831016479,0,0.0,0.9957203800536786,0,0.0
3540.0,4,0,0,3991,3995,0,0.0,0.0,12.719712114642629,0,0.0,0.9628277191998342,0,0.0
3545.0,3,0,0,3992,3995,0,0.0,0.0,12.681671936247596,0,0.0,0.9769556203594734,0,0.0
3550.0,3,0,0,3992,3995,0,0.0,0.0,12.828990307120705,0,0.0,0.9705661337800747,0,0.0
3555.0,3,0,0,3992,3995,0,0.0,0.0,12.694822327532904,0,0.0,0.9677954446824913,0,0.0
3560.0,3,0,0,3992,3995,0,0.0,0.0,12.701602720566504,0,0.0,0.9711466806368452,0,0.0
3565.0,3,0,0,3992,3995,0,0.0,0.0,12.839548301444799,0,0.0,0.9962551491116853,0,0.0
3570.0,2,0,0,3993,3995,0,0.0,0.0,9.871046920724964,0,0.0,0.4953429673200497,0,0.0
3575.0,2,0,0,3993,3995,0,0.0,0.0,7.105545514570268,0,2.0,0.07469804203633282,0,2.0
3580.0,2,0,0,3993,3995,0,0.0,0.0,8.819153526697493,0,0.0,1.0,0,0.0
3585.0,1,0,0,3994,3995,0,0.0,0.0,8.003028592544425,0,0.0,1.0,0,0.0
3590.0,1,0,0,3994,3995,0,0.0,0.0,11.880230628170821,0,0.0,1.0,0,0.0
3595.0,1,0,0,3994,3995,0,0.0,0.0,13.233787868948571,0,0.0,1.0,0,0.0
3600.0,1,0,0,3994,3995,0,0.0,0.0,12.793139923092827,0,0.0,1.0,0,0.0
3605.0,1,0,0,3994,3995,0,0.0,0.0,12.91372495490025,0,0.0,1.0,0,0.0
3610.0,1,0,0,3994,3995,0,0.0,0.0,12.889439820855774,0,0.0,1.0,0,0.0
3615.0,1,0,0,3994,3995,0,0.0,0.0,13.168587115787819,0,0.0,1.0,0,0.0
3620.0,1,0,0,3994,3995,0,0.0,0.0,13.062689938660629,0,0.0,1.0,0,0.0
3625.0,1,0,0,3994,3995,0,0.0,0.0,12.865999624793336,0,0.0,1.0,0,0.0
3630.0,1,0,0,3994,3995,0,0.0,0.0,13.195031718196265,0,0.0,1.0,0,0.0
3635.0,2,0,0,3994,3996,0,0.0,0.0,12.543467625956476,0,0.0,0.8616194142922008,0,0.0
3640.0,2,0,0,3994,3996,0,0.0,0.0,13.621210636986678,0,0.0,0.9846548371449891,0,0.0
3645.0,1,0,0,3995,3996,0,0.0,0.0,14.160168974831366,0,0.0,0.9955572364639133,0,0.0
3650.0,1,0,0,3995,3996,0,0.0,0.0,13.889191899968909,0,0.0,0.9765056850117628,0,0.0
3655.0,1,0,0,3995,3996,0,0.0,0.0,14.119562034549789,0,0.0,0.9927022893711323,0,0.0
3660.0,1,0,0,3995,3996,0,0.0,0.0,13.797754656927326,0,0.0,0.9700770181537502,0,0.0
3665.0,1,0,0,3995,3996,0,0.0,0.0,13.794576308278964,0,0.0,0.9698535583911932,0,0.0
3670.0,1,0,0,3995,3996,0,0.0,0.0,14.134865176569336,0,0.0,0.9937782054710937,0,0.0
3675.0,1,0,0,3995,3996,0,0.0,0.0,14.014839206178339,0,0.0,0.9853395545200527,0,0.0
3680.0,1,0,0,3995,3996,0,0.0,0.0,13.923197485910395,0,0.0,0.978896511507154,0,0.0
3685.0,1,0,0,3995,3996,0,0.0,0.0,12.83950614219694,0,0.0,0.902705559178488,0,0.0
3690.0,1,0,1,3995,3996,0,2.0,2.0,0.014994164858336361,1,2.0,0.0010541928811712816,1,2.0
3695.0,1,0,0,3995,3996,0,0.0,0.0,0.8016765732318163,0,6.0,0.05636337498536325,0,6.0
3700.0,1,0,0,3995,3996,0,0.0,0.0,4.4719424622599036,0,0.0,1.0,0,0.0
3705.0,1,0,0,3995,3996,0,0.0,0.0,8.71505430736579,0,0.0,1.0,0,0.0
3710.0,1,0,0,3995,3996,0,0.0,0.0,12.257529855472967,0,0.0,1.0,0,0.0
3715.0,1,0,0,3995,3996,0,0.0,0.0,13.86638919607144,0,0.0,1.0,0,0.0
3720.0,1,0,0,3995,3996,0,0.0,0.0,13.881367955527866,0,0.0,1.0,0,0.0
3725.0,1,0,0,3995,3996,0,0.0,0.0,13.757687508532443,0,0.0,1.0,0,0.0
3730.0,1,0,0,3995,3996,0,0.0,0.0,13.737511491341182,0,0.0,1.0,0,0.0
3735.0,1,0,0,3995,3996,0,0.0,0.0,14.12299778445963,0,0.0,1.0,0,0.0
3740.0,1,0,0,3995,3996,0,0.0,0.0,13.898330134161414,0,0.0,1.0,0,0.0
3745.0,1,0,0,3995,3996,0,0.0,0.0,14.02020403364081,0,0.0,1.0,0,0.0
3750.0,1,0,0,3995,3996,0,0.0,0.0,13.827864877468572,0,0.0,1.0,0,0.0
3755.0,1,0,0,3995,3996,0,0.0,0.0,13.852382295121105,0,0.0,1.0,0,0.0
3760.0,0,0,0,3996,3996,0,0.0,0.0,0.0,0,0.0,1.0,0,0.0
3765.0,0,0,0,3996,3996,0,0.0,0.0,0.0,0,0.0,1.0,0,0.0
3770.0,0,0,0,3996,3996,0,0.0,0.0,0.0,0,0.0,1.0,0,0.0
3775.0,0,0,0,3996,3996,0,0.0,0.0,0.0,0,0.0,1.0,0,0.0
3780.0,0,0,0,3996,3996,0,0.0,0.0,0.0,0,0.0,1.0,0,0.0
3785.0,0,0,0,3996,3996,0,0.0,0.0,0.0,0,0.0,1.0,0,0.0
3790.0,0,0,0,3996,3996,0,0.0,0.0,0.0,0,0.0,1.0,0,0.0
3795.0,0,0,0,3996,3996,0,0.0,0.0,0.0,0,0.0,1.0,0,0.0
3800.0,0,0,0,3996,3996,0,0.0,0.0,0.0,0,0.0,1.0,0,0.0
3805.0,0,0,0,3996,3996,0,0.0,0.0,0.0,0,0.0,1.0,0,0.0
3810.0,0,0,0,3996,3996,0,0.0,0.0,0.0,0,0.0,1.0,0,0.0
3815.0,0,0,0,3996,3996,0,0.0,0.0,0.0,0,0.0,1.0,0,0.0
3820.0,0,0,0,3996,3996,0,0.0,0.0,0.0,0,0.0,1.0,0,0.0
3825.0,0,0,0,3996,3996,0,0.0,0.0,0.0,0,0.0,1.0,0,0.0
3830.0,0,0,0,3996,3996,0,0.0,0.0,0.0,0,0.0,1.0,0,0.0
3835.0,0,0,0,3996,3996,0,0.0,0.0,0.0,0,0.0,1.0,0,0.0
3840.0,0,0,0,3996,3996,0,0.0,0.0,0.0,0,0.0,1.0,0,0.0
3845.0,0,0,0,3996,3996,0,0.0,0.0,0.0,0,0.0,1.0,0,0.0
3850.0,0,0,0,3996,3996,0,0.0,0.0,0.0,0,0.0,1.0,0,0.0
3855.0,0,0,0,3996,3996,0,0.0,0.0,0.0,0,0.0,1.0,0,0.0
3860.0,0,0,0,3996,3996,0,0.0,0.0,0.0,0,0.0,1.0,0,0.0
3865.0,0,0,0,3996,3996,0,0.0,0.0,0.0,0,0.0,1.0,0,0.0
3870.0,0,0,0,3996,3996,0,0.0,0.0,0.0,0,0.0,1.0,0,0.0
3875.0,0,0,0,3996,3996,0,0.0,0.0,0.0,0,0.0,1.0,0,0.0
3880.0,0,0,0,3996,3996,0,0.0,0.0,0.0,0,0.0,1.0,0,0.0
3885.0,0,0,0,3996,3996,0,0.0,0.0,0.0,0,0.0,1.0,0,0.0
3890.0,0,0,0,3996,3996,0,0.0,0.0,0.0,0,0.0,1.0,0,0.0
3895.0,0,0,0,3996,3996,0,0.0,0.0,0.0,0,0.0,1.0,0,0.0
3900.0,0,0,0,3996,3996,0,0.0,0.0,0.0,0,0.0,1.0,0,0.0
3905.0,0,0,0,3996,3996,0,0.0,0.0,0.0,0,0.0,1.0,0,0.0
3910.0,0,0,0,3996,3996,0,0.0,0.0,0.0,0,0.0,1.0,0,0.0
3915.0,0,0,0,3996,3996,0,0.0,0.0,0.0,0,0.0,1.0,0,0.0
3920.0,0,0,0,3996,3996,0,0.0,0.0,0.0,0,0.0,1.0,0,0.0
3925.0,0,0,0,3996,3996,0,0.0,0.0,0.0,0,0.0,1.0,0,0.0
3930.0,0,0,0,3996,3996,0,0.0,0.0,0.0,0,0.0,1.0,0,0.0
3935.0,0,0,0,3996,3996,0,0.0,0.0,0.0,0,0.0,1.0,0,0.0
3940.0,0,0,0,3996,3996,0,0.0,0.0,0.0,0,0.0,1.0,0,0.0
3945.0,0,0,0,3996,3996,0,0.0,0.0,0.0,0,0.0,1.0,0,0.0
3950.0,0,0,0,3996,3996,0,0.0,0.0,0.0,0,0.0,1.0,0,0.0
3955.0,1,0,0,3996,3997,0,0.0,0.0,12.581555736387358,0,0.0,0.9889721029107602,0,0.0
3960.0,1,0,0,3996,3997,0,0.0,0.0,12.633588534101122,0,0.0,0.9930621364847868,0,0.0
3965.0,1,0,0,3996,3997,0,0.0,0.0,12.494786485932977,0,0.0,0.982151613466702,0,0.0
3970.0,1,0,0,3996,3997,0,0.0,0.0,12.483263275605836,0,0.0,0.9812458325133532,0,0.0
3975.0,1,0,0,3996,3997,0,0.0,0.0,12.502198947380506,0,0.0,0.9827342693591133,0,0.0
3980.0,1,0,0,3996,3997,0,0.0,0.0,12.237102792501659,0,0.0,0.9618964089818107,0,0.0
3985.0,1,0,0,3996,3997,0,0.0,0.0,12.58428866010739,0,0.0,0.9891869241439307,0,0.0
3990.0,1,0,0,3996,3997,0,0.0,0.0,12.457051509428979,0,0.0,0.9791854588950129,0,0.0
3995.0,1,0,0,3996,3997,0,0.0,0.0,12.38888856665811,0,0.0,0.9738275166607524,0,0.0
4000.0,1,0,0,3996,3997,0,0.0,0.0,12.69572199894695,0,0.0,0.9979461321270741,0,0.0
4005.0,1,0,0,3996,3997,0,0.0,0.0,12.527210897785821,0,0.0,0.9847003315622719,0,0.0
4010.0,1,0,0,3996,3997,0,0.0,0.0,12.259147690861695,0,0.0,0.9636292463149972,0,0.0
4015.0,1,0,0,3996,3997,0,0.0,0.0,12.657499732469418,0,0.0,1.0,0,0.0
4020.0,1,0,0,3996,3997,0,0.0,0.0,12.64066879220421,0,0.0,1.0,0,0.0
4025.0,1,0,0,3996,3997,0,0.0,0.0,12.495860901098908,0,0.0,1.0,0,0.0
4030.0,1,0,0,3996,3997,0,0.0,0.0,12.467494340051175,0,0.0,1.0,0,0.0
4035.0,1,0,0,3996,3997,0,0.0,0.0,12.457522119997279,0,0.0,1.0,0,0.0
4040.0,1,0,0,3996,3997,0,0.0,0.0,12.662863926399709,0,0.0,1.0,0,0.0
4045.0,1,0,0,3996,3997,0,0.0,0.0,12.543739028876857,0,0.0,1.0,0,0.0
4050.0,1,0,0,3996,3997,0,0.0,0.0,12.32500201069864,0,0.0,1.0,0,0.0
4055.0,1,0,0,3996,3997,0,0.0,0.0,12.64359637247047,0,0.0,1.0,0,0.0
4060.0,1,0,0,3996,3997,0,0.0,0.0,12.627105804645666,0,0.0,1.0,0,0.0
4065.0,1,0,0,3996,3997,0,0.0,0.0,12.721157474346668,0,0.0,1.0,0,0.0
4070.0,1,0,0,3996,3997,0,0.0,0.0,12.664463681537868,0,0.0,1.0,0,0.0
4075.0,0,0,0,3997,3997,0,0.0,0.0,0.0,0,0.0,1.0,0,0.0
4080.0,0,0,0,3997,3997,0,0.0,0.0,0.0,0,0.0,1.0,0,0.0
4085.0,0,0,0,3997,3997,0,0.0,0.0,0.0,0,0.0,1.0,0,0.0
4090.0,0,0,0,3997,3997,0,0.0,0.0,0.0,0,0.0,1.0,0,0.0
4095.0,0,0,0,3997,3997,0,0.0,0.0,0.0,0,0.0,1.0,0,0.0
4100.0,0,0,0,3997,3997,0,0.0,0.0,0.0,0,0.0,1.0,0,0.0
4105.0,0,0,0,3997,3997,0,0.0,0.0,0.0,0,0.0,1.0,0,0.0
4110.0,0,0,0,3997,3997,0,0.0,0.0,0.0,0,0.0,1.0,0,0.0
4115.0,0,0,0,3997,3997,0,0.0,0.0,0.0,0,0.0,1.0,0,0.0
4120.0,0,0,0,3997,3997,0,0.0,0.0,0.0,0,0.0,1.0,0,0.0
4125.0,0,0,0,3997,3997,0,0.0,0.0,0.0,0,0.0,1.0,0,0.0
4130.0,0,0,0,3997,3997,0,0.0,0.0,0.0,0,0.0,1.0,0,0.0
4135.0,0,0,0,3997,3997,0,0.0,0.0,0.0,0,0.0,1.0,0,0.0
4140.0,0,0,0,3997,3997,0,0.0,0.0,0.0,0,0.0,1.0,0,0.0
4145.0,0,0,0,3997,3997,0,0.0,0.0,0.0,0,0.0,1.0,0,0.0
4150.0,0,0,0,3997,3997,0,0.0,0.0,0.0,0,0.0,1.0,0,0.0
4155.0,0,0,0,3997,3997,0,0.0,0.0,0.0,0,0.0,1.0,0,0.0
4160.0,0,0,0,3997,3997,0,0.0,0.0,0.0,0,0.0,1.0,0,0.0
4165.0,0,0,0,3997,3997,0,0.0,0.0,0.0,0,0.0,1.0,0,0.0
4170.0,0,0,0,3997,3997,0,0.0,0.0,0.0,0,0.0,1.0,0,0.0
4175.0,0,0,0,3997,3997,0,0.0,0.0,0.0,0,0.0,1.0,0,0.0
4180.0,1,0,0,3997,3998,0,0.0,0.0,10.0,0,0.0,0.6176052197028663,0,0.0
4185.0,1,0,0,3997,3998,0,0.0,0.0,13.68186668958515,0,0.0,0.8449992282766565,0,0.0
4190.0,1,0,0,3997,3998,0,0.0,0.0,15.974869266570689,0,0.0,0.9866162643104958,0,0.0
4195.0,1,0,0,3997,3998,0,0.0,0.0,16.150080028059104,0,0.0,0.9974373723948318,0,0.0
4200.0,1,0,0,3997,3998,0,0.0,0.0,16.187279372312272,0,0.0,0.9997348233128597,0,0.0
4205.0,1,0,0,3997,3998,0,0.0,0.0,16.084001103834392,0,0.0,0.9933563035434785,0,0.0
4210.0,1,0,0,3997,3998,0,0.0,0.0,15.709152555860722,0,0.0,0.9702054615608205,0,0.0
4215.0,1,0,0,3997,3998,0,0.0,0.0,15.823784235002616,0,0.0,0.9772851738989544,0,0.0
4220.0,1,0,0,3997,3998,0,0.0,0.0,15.959789516473332,0,0.0,0.9856849310733016,0,0.0
4225.0,1,0,0,3997,3998,0,0.0,0.0,15.857288054026807,0,0.0,0.9793543872498864,0,0.0
4230.0,1,0,0,3997,3998,0,0.0,0.0,1.3203038974801067,0,0.0,0.0815426578677752,0,0.0
4235.0,1,0,0,3997,3998,0,0.0,0.0,0.5753632991520532,0,3.0,0.035534737678176984,0,3.0
4240.0,1,0,0,3997,3998,0,0.0,0.0,4.504149628262207,0,0.0,1.0,0,0.0
4245.0,2,0,0,3997,3999,0,0.0,0.0,9.333255636468149,0,0.0,0.6563427884106403,0,0.0
4250.0,2,0,0,3997,3999,0,0.0,0.0,12.903535213807682,0,0.0,0.8729873301526918,0,0.0
4255.0,2,0,0,3997,3999,0,0.0,0.0,15.479213989000087,0,0.0,0.9707099490899863,0,0.0
4260.0,2,0,0,3997,3999,0,0.0,0.0,15.506896058398084,0,0.0,0.9893486265688776,0,0.0
4265.0,2,0,0,3997,3999,0,0.0,0.0,15.422714557275427,0,0.0,0.9942232776874934,0,0.0
4270.0,2,0,0,3997,3999,0,0.0,0.0,15.39371043945222,0,0.0,0.9814025261936805,0,0.0
4275.0,2,0,0,3997,3999,0,0.0,0.0,15.619817694833287,0,0.0,0.9969111374546109,0,0.0
4280.0,2,0,0,3997,3999,0,0.0,0.0,15.41798000649807,0,0.0,0.9901192388656342,0,0.0
4285.0,2,0,0,3997,3999,0,0.0,0.0,15.51621153567477,0,0.0,0.9858888056147924,0,0.0
4290.0,2,0,0,3997,3999,0,0.0,0.0,15.66916108405941,0,0.0,0.99605325276273,0,0.0
4295.0,1,0,0,3998,3999,0,0.0,0.0,13.172110487986998,0,0.0,0.8645419726938427,0,0.0
4300.0,1,0,1,3998,3999,0,2.0,2.0,0.04064099668725566,1,2.0,0.0026674425089500977,1,2.0
4305.0,1,0,1,3998,3999,0,7.0,7.0,0.0,1,7.0,0.0,1,7.0
4310.0,1,0,1,3998,3999,0,12.0,12.0,0.0,1,12.0,0.0,1,12.0
4315.0,1,0,1,3998,3999,0,17.0,17.0,0.0,1,17.0,0.0,1,17.0
4320.0,2,0,1,3998,4000,0,22.0,11.0,5.312055468210019,1,22.0,0.46496948172550007,1,22.0
4325.0,2,0,1,3998,4000,0,27.0,13.5,5.625064436559845,1,27.0,0.49236746705529066,1,27.0
4330.0,2,0,1,3998,4000,0,32.0,16.0,5.6590227444347,1,32.0,0.49533987141125774,1,32.0
4335.0,2,0,1,3998,4000,0,37.0,18.5,5.468609084297717,1,37.0,0.47867277495543287,1,37.0
4340.0,2,0,1,3998,4000,0,42.0,21.0,5.6979562243603175,1,42.0,0.4987477575094209,1,42.0
4345.0,2,0,1,3998,4000,0,47.0,23.5,5.660705387165584,1,47.0,0.49548715479773414,1,47.0
4350.0,2,0,1,3998,4000,0,52.0,26.0,5.603985853706766,1,52.0,0.49052243779997556,1,52.0
4355.0,2,0,0,3998,4000,0,0.0,0.0,5.851999113025889,0,56.0,0.5062071733686465,0,56.0
4360.0,2,0,0,3998,4000,0,0.0,0.0,7.741364599535522,0,0.0,0.9941899458474956,0,0.0
4365.0,2,0,0,3998,4000,0,0.0,0.0,9.743620087024105,0,0.0,0.9888559035448063,0,0.0
4370.0,2,0,0,3998,4000,0,0.0,0.0,11.648760891616625,0,0.0,0.9632705721577559,0,0.0
4375.0,2,0,0,3998,4000,0,0.0,0.0,13.1905388225126,0,0.0,0.9772744826735474,0,0.0
4380.0,2,0,0,3998,4000,0,0.0,0.0,12.92740191660355,0,0.0,0.9703079821035127,0,0.0
4385.0,2,0,0,3998,4000,0,0.0,0.0,12.86577107461867,0,0.0,0.9586662326201666,0,0.0
4390.0,2,0,0,3998,4000,0,0.0,0.0,13.122323827890206,0,0.0,1.0,0,0.0
4395.0,2,0,0,3998,4000,0,0.0,0.0,12.937100365597281,0,0.0,1.0,0,0.0
4400.0,2,0,0,3998,4000,0,0.0,0.0,13.067141426275477,0,0.0,1.0,0,0.0
4405.0,2,0,0,3998,4000,0,0.0,0.0,12.869378915710833,0,0.0,1.0,0,0.0
4410.0,2,0,0,3998,4000,0,0.0,0.0,12.988518347162746,0,0.0,1.0,0,0.0
4415.0,2,0,0,3998,4000,0,0.0,0.0,13.244127263620022,0,0.0,1.0,0,0.0
4420.0,1,0,0,3999,4000,0,0.0,0.0,11.07307575441301,0,0.0,1.0,0,0.0
4425.0,1,0,0,3999,4000,0,0.0,0.0,10.934339976830968,0,0.0,1.0,0,0.0
4430.0,1,0,0,3999,4000,0,0.0,0.0,10.958081120819413,0,0.0,1.0,0,0.0
4435.0,1,0,0,3999,4000,0,0.0,0.0,11.193349246129953,0,0.0,1.0,0,0.0
4440.0,1,0,0,3999,4000,0,0.0,0.0,11.226134382615426,0,0.0,1.0,0,0.0
4445.0,1,0,0,3999,4000,0,0.0,0.0,11.074104524877482,0,0.0,1.0,0,0.0
4450.0,1,0,0,3999,4000,0,0.0,0.0,11.089508158465476,0,0.0,1.0,0,0.0
4455.0,1,0,0,3999,4000,0,0.0,0.0,11.375731091674977,0,0.0,1.0,0,0.0
4460.0,0,0,0,4000,4000,0,0.0,0.0,0.0,0,0.0,1.0,0,0.0
4465.0,0,0,0,4000,4000,0,0.0,0.0,0.0,0,0.0,1.0,0,0.0
4470.0,0,0,0,4000,4000,0,0.0,0.0,0.0,0,0.0,1.0,0,0.0
4475.0,0,0,0,4000,4000,0,0.0,0.0,0.0,0,0.0,1.0,0,0.0
4480.0,0,0,0,4000,4000,0,0.0,0.0,0.0,0,0.0,1.0,0,0.0
4485.0,0,0,0,4000,4000,0,0.0,0.0,0.0,0,0.0,1.0,0,0.0
4490.0,0,0,0,4000,4000,0,0.0,0.0,0.0,0,0.0,1.0,0,0.0
4495.0,0,0,0,4000,4000,0,0.0,0.0,0.0,0,0.0,1.0,0,0.0
4500.0,0,0,0,4000,4000,0,0.0,0.0,0.0,0,0.0,1.0,0,0.0
4505.0,0,0,0,4000,4000,0,0.0,0.0,0.0,0,0.0,1.0,0,0.0
4510.0,0,0,0,4000,4000,0,0.0,0.0,0.0,0,0.0,1.0,0,0.0
4515.0,0,0,0,4000,4000,0,0.0,0.0,0.0,0,0.0,1.0,0,0.0
4520.0,0,0,0,4000,4000,0,0.0,0.0,0.0,0,0.0,1.0,0,0.0
4525.0,0,0,0,4000,4000,0,0.0,0.0,0.0,0,0.0,1.0,0,0.0
4530.0,0,0,0,4000,4000,0,0.0,0.0,0.0,0,0.0,1.0,0,0.0
4535.0,0,0,0,4000,4000,0,0.0,0.0,0.0,0,0.0,1.0,0,0.0
4540.0,0,0,0,4000,4000,0,0.0,0.0,0.0,0,0.0,1.0,0,0.0
4545.0,0,0,0,4000,4000,0,0.0,0.0,0.0,0,0.0,1.0,0,0.0
4550.0,0,0,0,4000,4000,0,0.0,0.0,0.0,0,0.0,1.0,0,0.0
4555.0,0,0,0,4000,4000,0,0.0,0.0,0.0,0,0.0,1.0,0,0.0
4560.0,0,0,0,4000,4000,0,0.0,0.0,0.0,0,0.0,1.0,0,0.0
4565.0,0,0,0,4000,4000,0,0.0,0.0,0.0,0,0.0,1.0,0,0.0
4570.0,0,0,0,4000,4000,0,0.0,0.0,0.0,0,0.0,1.0,0,0.0
4575.0,0,0,0,4000,4000,0,0.0,0.0,0.0,0,0.0,1.0,0,0.0
4580.0,0,0,0,4000,4000,0,0.0,0.0,0.0,0,0.0,1.0,0,0.0
4585.0,0,0,0,4000,4000,0,0.0,0.0,0.0,0,0.0,1.0,0,0.0
4590.0,0,0,0,4000,4000,0,0.0,0.0,0.0,0,0.0,1.0,0,0.0
4595.0,0,0,0,4000,4000,0,0.0,0.0,0.0,0,0.0,1.0,0,0.0
4600.0,0,0,0,4000,4000,0,0.0,0.0,0.0,0,0.0,1.0,0,0.0
4605.0,0,0,0,4000,4000,0,0.0,0.0,0.0,0,0.0,1.0,0,0.0
4610.0,0,0,0,4000,4000,0,0.0,0.0,0.0,0,0.0,1.0,0,0.0
4615.0,0,0,0,4000,4000,0,0.0,0.0,0.0,0,0.0,1.0,0,0.0
4620.0,0,0,0,4000,4000,0,0.0,0.0,0.0,0,0.0,1.0,0,0.0
4625.0,0,0,0,4000,4000,0,0.0,0.0,0.0,0,0.0,1.0,0,0.0
4630.0,0,0,0,4000,4000,0,0.0,0.0,0.0,0,0.0,1.0,0,0.0
4635.0,0,0,0,4000,4000,0,0.0,0.0,0.0,0,0.0,1.0,0,0.0
4640.0,0,0,0,4000,4000,0,0.0,0.0,0.0,0,0.0,1.0,0,0.0
4645.0,0,0,0,4000,4000,0,0.0,0.0,0.0,0,0.0,1.0,0,0.0
4650.0,0,0,0,4000,4000,0,0.0,0.0,0.0,0,0.0,1.0,0,0.0
4655.0,0,0,0,4000,4000,0,0.0,0.0,0.0,0,0.0,1.0,0,0.0
4660.0,0,0,0,4000,4000,0,0.0,0.0,0.0,0,0.0,1.0,0,0.0
4665.0,0,0,0,4000,4000,0,0.0,0.0,0.0,0,0.0,1.0,0,0.0
4670.0,0,0,0,4000,4000,0,0.0,0.0,0.0,0,0.0,1.0,0,0.0
4675.0,0,0,0,4000,4000,0,0.0,0.0,0.0,0,0.0,1.0,0,0.0
4680.0,0,0,0,4000,4000,0,0.0,0.0,0.0,0,0.0,1.0,0,0.0
4685.0,0,0,0,4000,4000,0,0.0,0.0,0.0,0,0.0,1.0,0,0.0
4690.0,0,0,0,4000,4000,0,0.0,0.0,0.0,0,0.0,1.0,0,0.0
4695.0,0,0,0,4000,4000,0,0.0,0.0,0.0,0,0.0,1.0,0,0.0
4700.0,0,0,0,4000,4000,0,0.0,0.0,0.0,0,0.0,1.0,0,0.0
4705.0,0,0,0,4000,4000,0,0.0,0.0,0.0,0,0.0,1.0,0,0.0
4710.0,0,0,0,4000,4000,0,0.0,0.0,0.0,0,0.0,1.0,0,0.0
4715.0,0,0,0,4000,4000,0,0.0,0.0,0.0,0,0.0,1.0,0,0.0
4720.0,0,0,0,4000,4000,0,0.0,0.0,0.0,0,0.0,1.0,0,0.0
4725.0,0,0,0,4000,4000,0,0.0,0.0,0.0,0,0.0,1.0,0,0.0
4730.0,0,0,0,4000,4000,0,0.0,0.0,0.0,0,0.0,1.0,0,0.0
4735.0,0,0,0,4000,4000,0,0.0,0.0,0.0,0,0.0,1.0,0,0.0
4740.0,0,0,0,4000,4000,0,0.0,0.0,0.0,0,0.0,1.0,0,0.0
4745.0,0,0,0,4000,4000,0,0.0,0.0,0.0,0,0.0,1.0,0,0.0
4750.0,0,0,0,4000,4000,0,0.0,0.0,0.0,0,0.0,1.0,0,0.0
4755.0,0,0,0,4000,4000,0,0.0,0.0,0.0,0,0.0,1.0,0,0.0
4760.0,0,0,0,4000,4000,0,0.0,0.0,0.0,0,0.0,1.0,0,0.0
4765.0,0,0,0,4000,4000,0,0.0,0.0,0.0,0,0.0,1.0,0,0.0
4770.0,0,0,0,4000,4000,0,0.0,0.0,0.0,0,0.0,1.0,0,0.0
4775.0,0,0,0,4000,4000,0,0.0,0.0,0.0,0,0.0,1.0,0,0.0
4780.0,0,0,0,4000,4000,0,0.0,0.0,0.0,0,0.0,1.0,0,0.0
4785.0,0,0,0,4000,4000,0,0.0,0.0,0.0,0,0.0,1.0,0,0.0
4790.0,0,0,0,4000,4000,0,0.0,0.0,0.0,0,0.0,1.0,0,0.0
4795.0,0,0,0,4000,4000,0,0.0,0.0,0.0,0,0.0,1.0,0,0.0
4800.0,0,0,0,4000,4000,0,0.0,0.0,0.0,0,0.0,1.0,0,0.0
4805.0,0,0,0,4000,4000,0,0.0,0.0,0.0,0,0.0,1.0,0,0.0
4810.0,0,0,0,4000,4000,0,0.0,0.0,0.0,0,0.0,1.0,0,0.0
4815.0,0,0,0,4000,4000,0,0.0,0.0,0.0,0,0.0,1.0,0,0.0
4820.0,0,0,0,4000,4000,0,0.0,0.0,0.0,0,0.0,1.0,0,0.0
4825.0,0,0,0,4000,4000,0,0.0,0.0,0.0,0,0.0,1.0,0,0.0
4830.0,0,0,0,4000,4000,0,0.0,0.0,0.0,0,0.0,1.0,0,0.0
4835.0,0,0,0,4000,4000,0,0.0,0.0,0.0,0,0.0,1.0,0,0.0
4840.0,0,0,0,4000,4000,0,0.0,0.0,0.0,0,0.0,1.0,0,0.0
4845.0,0,0,0,4000,4000,0,0.0,0.0,0.0,0,0.0,1.0,0,0.0
4850.0,0,0,0,4000,4000,0,0.0,0.0,0.0,0,0.0,1.0,0,0.0
4855.0,0,0,0,4000,4000,0,0.0,0.0,0.0,0,0.0,1.0,0,0.0
4860.0,0,0,0,4000,4000,0,0.0,0.0,0.0,0,0.0,1.0,0,0.0
4865.0,0,0,0,4000,4000,0,0.0,0.0,0.0,0,0.0,1.0,0,0.0
4870.0,0,0,0,4000,4000,0,0.0,0.0,0.0,0,0.0,1.0,0,0.0
4875.0,0,0,0,4000,4000,0,0.0,0.0,0.0,0,0.0,1.0,0,0.0
4880.0,0,0,0,4000,4000,0,0.0,0.0,0.0,0,0.0,1.0,0,0.0
4885.0,0,0,0,4000,4000,0,0.0,0.0,0.0,0,0.0,1.0,0,0.0
4890.0,0,0,0,4000,4000,0,0.0,0.0,0.0,0,0.0,1.0,0,0.0
4895.0,0,0,0,4000,4000,0,0.0,0.0,0.0,0,0.0,1.0,0,0.0
4900.0,0,0,0,4000,4000,0,0.0,0.0,0.0,0,0.0,1.0,0,0.0
4905.0,0,0,0,4000,4000,0,0.0,0.0,0.0,0,0.0,1.0,0,0.0
4910.0,0,0,0,4000,4000,0,0.0,0.0,0.0,0,0.0,1.0,0,0.0
4915.0,0,0,0,4000,4000,0,0.0,0.0,0.0,0,0.0,1.0,0,0.0
4920.0,0,0,0,4000,4000,0,0.0,0.0,0.0,0,0.0,1.0,0,0.0
4925.0,0,0,0,4000,4000,0,0.0,0.0,0.0,0,0.0,1.0,0,0.0
4930.0,0,0,0,4000,4000,0,0.0,0.0,0.0,0,0.0,1.0,0,0.0
4935.0,0,0,0,4000,4000,0,0.0,0.0,0.0,0,0.0,1.0,0,0.0
4940.0,0,0,0,4000,4000,0,0.0,0.0,0.0,0,0.0,1.0,0,0.0
4945.0,0,0,0,4000,4000,0,0.0,0.0,0.0,0,0.0,1.0,0,0.0
4950.0,0,0,0,4000,4000,0,0.0,0.0,0.0,0,0.0,1.0,0,0.0
4955.0,0,0,0,4000,4000,0,0.0,0.0,0.0,0,0.0,1.0,0,0.0
4960.0,0,0,0,4000,4000,0,0.0,0.0,0.0,0,0.0,1.0,0,0.0
4965.0,0,0,0,4000,4000,0,0.0,0.0,0.0,0,0.0,1.0,0,0.0
4970.0,0,0,0,4000,4000,0,0.0,0.0,0.0,0,0.0,1.0,0,0.0
4975.0,0,0,0,4000,4000,0,0.0,0.0,0.0,0,0.0,1.0,0,0.0
4980.0,0,0,0,4000,4000,0,0.0,0.0,0.0,0,0.0,1.0,0,0.0
4985.0,0,0,0,4000,4000,0,0.0,0.0,0.0,0,0.0,1.0,0,0.0
4990.0,0,0,0,4000,4000,0,0.0,0.0,0.0,0,0.0,1.0,0,0.0
4995.0,0,0,0,4000,4000,0,0.0,0.0,0.0,0,0.0,1.0,0,0.0
5000.0,0,0,0,4000,4000,0,0.0,0.0,0.0,0,0.0,1.0,0,0.0
5005.0,0,0,0,4000,4000,0,0.0,0.0,0.0,0,0.0,1.0,0,0.0
5010.0,0,0,0,4000,4000,0,0.0,0.0,0.0,0,0.0,1.0,0,0.0
5015.0,0,0,0,4000,4000,0,0.0,0.0,0.0,0,0.0,1.0,0,0.0
5020.0,0,0,0,4000,4000,0,0.0,0.0,0.0,0,0.0,1.0,0,0.0
5025.0,0,0,0,4000,4000,0,0.0,0.0,0.0,0,0.0,1.0,0,0.0
5030.0,0,0,0,4000,4000,0,0.0,0.0,0.0,0,0.0,1.0,0,0.0
5035.0,0,0,0,4000,4000,0,0.0,0.0,0.0,0,0.0,1.0,0,0.0
5040.0,0,0,0,4000,4000,0,0.0,0.0,0.0,0,0.0,1.0,0,0.0
5045.0,0,0,0,4000,4000,0,0.0,0.0,0.0,0,0.0,1.0,0,0.0
5050.0,0,0,0,4000,4000,0,0.0,0.0,0.0,0,0.0,1.0,0,0.0
5055.0,0,0,0,4000,4000,0,0.0,0.0,0.0,0,0.0,1.0,0,0.0
5060.0,0,0,0,4000,4000,0,0.0,0.0,0.0,0,0.0,1.0,0,0.0
5065.0,0,0,0,4000,4000,0,0.0,0.0,0.0,0,0.0,1.0,0,0.0
5070.0,0,0,0,4000,4000,0,0.0,0.0,0.0,0,0.0,1.0,0,0.0
5075.0,0,0,0,4000,4000,0,0.0,0.0,0.0,0,0.0,1.0,0,0.0
5080.0,0,0,0,4000,4000,0,0.0,0.0,0.0,0,0.0,1.0,0,0.0
5085.0,0,0,0,4000,4000,0,0.0,0.0,0.0,0,0.0,1.0,0,0.0
5090.0,0,0,0,4000,4000,0,0.0,0.0,0.0,0,0.0,1.0,0,0.0
5095.0,0,0,0,4000,4000,0,0.0,0.0,0.0,0,0.0,1.0,0,0.0
5100.0,0,0,0,4000,4000,0,0.0,0.0,0.0,0,0.0,1.0,0,0.0
5105.0,0,0,0,4000,4000,0,0.0,0.0,0.0,0,0.0,1.0,0,0.0
5110.0,0,0,0,4000,4000,0,0.0,0.0,0.0,0,0.0,1.0,0,0.0
5115.0,0,0,0,4000,4000,0,0.0,0.0,0.0,0,0.0,1.0,0,0.0
5120.0,0,0,0,4000,4000,0,0.0,0.0,0.0,0,0.0,1.0,0,0.0
5125.0,0,0,0,4000,4000,0,0.0,0.0,0.0,0,0.0,1.0,0,0.0
5130.0,0,0,0,4000,4000,0,0.0,0.0,0.0,0,0.0,1.0,0,0.0
5135.0,0,0,0,4000,4000,0,0.0,0.0,0.0,0,0.0,1.0,0,0.0
5140.0,0,0,0,4000,4000,0,0.0,0.0,0.0,0,0.0,1.0,0,0.0
5145.0,0,0,0,4000,4000,0,0.0,0.0,0.0,0,0.0,1.0,0,0.0
5150.0,0,0,0,4000,4000,0,0.0,0.0,0.0,0,0.0,1.0,0,0.0
5155.0,0,0,0,4000,4000,0,0.0,0.0,0.0,0,0.0,1.0,0,0.0
5160.0,0,0,0,4000,4000,0,0.0,0.0,0.0,0,0.0,1.0,0,0.0
5165.0,0,0,0,4000,4000,0,0.0,0.0,0.0,0,0.0,1.0,0,0.0
5170.0,0,0,0,4000,4000,0,0.0,0.0,0.0,0,0.0,1.0,0,0.0
5175.0,0,0,0,4000,4000,0,0.0,0.0,0.0,0,0.0,1.0,0,0.0
5180.0,0,0,0,4000,4000,0,0.0,0.0,0.0,0,0.0,1.0,0,0.0
5185.0,0,0,0,4000,4000,0,0.0,0.0,0.0,0,0.0,1.0,0,0.0
5190.0,0,0,0,4000,4000,0,0.0,0.0,0.0,0,0.0,1.0,0,0.0
5195.0,0,0,0,4000,4000,0,0.0,0.0,0.0,0,0.0,1.0,0,0.0
5200.0,0,0,0,4000,4000,0,0.0,0.0,0.0,0,0.0,1.0,0,0.0
5205.0,0,0,0,4000,4000,0,0.0,0.0,0.0,0,0.0,1.0,0,0.0
5210.0,0,0,0,4000,4000,0,0.0,0.0,0.0,0,0.0,1.0,0,0.0
5215.0,0,0,0,4000,4000,0,0.0,0.0,0.0,0,0.0,1.0,0,0.0
5220.0,0,0,0,4000,4000,0,0.0,0.0,0.0,0,0.0,1.0,0,0.0
5225.0,0,0,0,4000,4000,0,0.0,0.0,0.0,0,0.0,1.0,0,0.0
5230.0,0,0,0,4000,4000,0,0.0,0.0,0.0,0,0.0,1.0,0,0.0
5235.0,0,0,0,4000,4000,0,0.0,0.0,0.0,0,0.0,1.0,0,0.0
5240.0,0,0,0,4000,4000,0,0.0,0.0,0.0,0,0.0,1.0,0,0.0
5245.0,0,0,0,4000,4000,0,0.0,0.0,0.0,0,0.0,1.0,0,0.0
5250.0,0,0,0,4000,4000,0,0.0,0.0,0.0,0,0.0,1.0,0,0.0
5255.0,0,0,0,4000,4000,0,0.0,0.0,0.0,0,0.0,1.0,0,0.0
5260.0,0,0,0,4000,4000,0,0.0,0.0,0.0,0,0.0,1.0,0,0.0
5265.0,0,0,0,4000,4000,0,0.0,0.0,0.0,0,0.0,1.0,0,0.0
5270.0,0,0,0,4000,4000,0,0.0,0.0,0.0,0,0.0,1.0,0,0.0
5275.0,0,0,0,4000,4000,0,0.0,0.0,0.0,0,0.0,1.0,0,0.0
5280.0,0,0,0,4000,4000,0,0.0,0.0,0.0,0,0.0,1.0,0,0.0
5285.0,0,0,0,4000,4000,0,0.0,0.0,0.0,0,0.0,1.0,0,0.0
5290.0,0,0,0,4000,4000,0,0.0,0.0,0.0,0,0.0,1.0,0,0.0
5295.0,0,0,0,4000,4000,0,0.0,0.0,0.0,0,0.0,1.0,0,0.0
5300.0,0,0,0,4000,4000,0,0.0,0.0,0.0,0,0.0,1.0,0,0.0
5305.0,0,0,0,4000,4000,0,0.0,0.0,0.0,0,0.0,1.0,0,0.0
5310.0,0,0,0,4000,4000,0,0.0,0.0,0.0,0,0.0,1.0,0,0.0
5315.0,0,0,0,4000,4000,0,0.0,0.0,0.0,0,0.0,1.0,0,0.0
5320.0,0,0,0,4000,4000,0,0.0,0.0,0.0,0,0.0,1.0,0,0.0
5325.0,0,0,0,4000,4000,0,0.0,0.0,0.0,0,0.0,1.0,0,0.0
5330.0,0,0,0,4000,4000,0,0.0,0.0,0.0,0,0.0,1.0,0,0.0
5335.0,0,0,0,4000,4000,0,0.0,0.0,0.0,0,0.0,1.0,0,0.0
5340.0,0,0,0,4000,4000,0,0.0,0.0,0.0,0,0.0,1.0,0,0.0
5345.0,0,0,0,4000,4000,0,0.0,0.0,0.0,0,0.0,1.0,0,0.0
5350.0,0,0,0,4000,4000,0,0.0,0.0,0.0,0,0.0,1.0,0,0.0
5355.0,0,0,0,4000,4000,0,0.0,0.0,0.0,0,0.0,1.0,0,0.0
5360.0,0,0,0,4000,4000,0,0.0,0.0,0.0,0,0.0,1.0,0,0.0
5365.0,0,0,0,4000,4000,0,0.0,0.0,0.0,0,0.0,1.0,0,0.0
5370.0,0,0,0,4000,4000,0,0.0,0.0,0.0,0,0.0,1.0,0,0.0
5375.0,0,0,0,4000,4000,0,0.0,0.0,0.0,0,0.0,1.0,0,0.0
5380.0,0,0,0,4000,4000,0,0.0,0.0,0.0,0,0.0,1.0,0,0.0
5385.0,0,0,0,4000,4000,0,0.0,0.0,0.0,0,0.0,1.0,0,0.0
5390.0,0,0,0,4000,4000,0,0.0,0.0,0.0,0,0.0,1.0,0,0.0
5395.0,0,0,0,4000,4000,0,0.0,0.0,0.0,0,0.0,1.0,0,0.0
5400.0,0,0,0,4000,4000,0,0.0,0.0,0.0,0,0.0,1.0,0,0.0
